seg,chrom,start_snp,end_snp,cnlr,valor,n_marker,n_het,start,end,size,aberrant,p_chisq,type,phi,err,dmp_patient_id
14,10,3027,3063,0.170086795,0.630372529,37,7,104386905,133191828,28804923,TRUE,0,loh,0.31,0.018000289,P-0000106
12,9,2815,2895,0.018289408,1.626824906,81,16,422008,22006027,21584019,TRUE,0,loh,0.67,0.000552617,P-0000681
5,4,1454,1580,0.020580172,0.955699956,127,18,66467400,190262500,123795100,TRUE,0,loh,0.44,0.000768819,P-0000741
14,14,4770,4903,0.202103114,0.384566438,134,35,20893219,105906073,85012854,TRUE,0,amp,0.41,0.003680015,P-0000906
27,23,6062,6352,-0.577069806,1.287977896,291,19,1314900,149924738,148609838,TRUE,0,del,0.72,0.001880021,P-0000939
14,11,3148,3387,-0.038659199,0.356162295,240,36,64129427,133495556,69366129,TRUE,0,loh,0.18,8.18E-05,P-0001013
19,19,4807,5125,-0.033790057,0.246730437,319,54,1207081,58288169,57081088,TRUE,3.33E-16,loh,0.12,0.001202423,P-0001609
13,12,3529,3693,0.009768474,0.411348959,165,45,49426539,133263825,83837286,TRUE,0,loh,0.2,0.000441231,P-0001658
21,20,5214,5279,-0.396843011,0.588543807,66,7,35478142,52776739,17298597,TRUE,0,del,0.45,0.00162101,P-0001671
5,4,1463,1579,0.024845671,1.870781486,117,27,84383901,190262486,105878585,TRUE,0,loh,0.73,0.000190263,P-0002500
3,2,524,542,-0.171907361,0.432775343,19,6,20616425,25536800,4920375,TRUE,8.33E-11,del,0.32,0.00964969,P-0002716
9,7,2324,2527,0.008661413,0.846549967,204,20,55270257,158450900,103180643,TRUE,0,loh,0.4,0.000216149,P-0002903
23,23,6049,6334,-0.142174615,0.318239667,286,17,1314900,149924738,148609838,TRUE,0,del,0.25,0.002689587,P-0003722
14,14,4158,4265,-0.012211787,1.635525737,108,5,21337356,105259000,83921644,TRUE,0,loh,0.67,0.000217649,P-0003900
1,1,1,233,0.006016643,0.842449127,233,30,2488200,71762203,69274003,TRUE,0,loh,0.4,5.78E-05,P-0004591
14,12,3591,3952,0.106104641,0.211525236,362,64,394650,133263886,132869236,TRUE,4.24E-14,amp,0.21,0.001039928,P-0004660
18,17,4795,4862,-0.081051322,0.40114647,68,5,12016600,29508437,17491837,TRUE,1.08E-14,loh,0.2,0.00608832,P-0004674
3,2,532,548,-0.693105162,1.486858359,17,1,25457286,25536827,79541,TRUE,0,del,0.77,0.000367957,P-0005328
15,15,4273,4444,0.143120994,0.215070511,172,34,26216300,99861618,73645318,TRUE,0,amp,0.23,0.000199841,P-0005627
22,22,5943,6057,-0.0125373,0.527897768,115,17,17053032,49370800,32317768,TRUE,0,loh,0.26,3.71E-05,P-0005723
12,12,3602,3961,0.135242379,0.230131258,360,50,394848,133263825,132868977,TRUE,0,amp,0.23,0.001176007,P-0005810
14,14,4166,4278,0.242572636,0.365818283,113,29,21337356,105258893,83921537,TRUE,0,amp,0.42,0.000673461,P-0005854
2,1,329,471,-0.021039416,0.424089525,143,20,155874240,226578211,70703971,TRUE,0,loh,0.21,0.000124583,P-0005872
23,23,6038,6323,-0.659685387,1.478128919,286,21,1314900,145961900,144647000,TRUE,0,del,0.77,0.000156887,P-0005915
8,7,2509,2689,-0.004114788,1.017699181,181,17,82956953,158450965,75494012,TRUE,0,loh,0.47,3.56E-05,P-0006225
1,1,1,111,-0.149876391,0.221769581,111,7,2488200,22587878,20099678,TRUE,0,del,0.2,5.09E-06,P-0006373
22,20,5741,5822,-0.141353628,0.195380414,82,7,36012457,48808500,12796043,TRUE,0,del,0.18,9.42E-05,P-0006373
12,11,3364,3606,0.012028258,0.467351013,243,29,67196900,133495500,66298600,TRUE,0,loh,0.23,0.000303262,P-0006610
13,13,3958,4161,0.034452831,0.231158585,204,36,21004738,112722260,91717522,TRUE,6.73E-11,loh,0.12,0.000325814,P-0006642
21,20,5698,5793,-0.722524467,1.44592595,96,9,30946600,41956900,11010300,TRUE,0,del,0.77,0.001435238,P-0006754
8,7,2489,2697,-0.006405241,0.986119321,209,32,65970295,158450965,92480670,TRUE,0,loh,0.46,0.000225642,P-0006779
6,6,2029,2125,-0.013687344,1.141790483,97,27,393175,36652339,36259164,TRUE,0,loh,0.52,0.000217652,P-0007019
12,12,3596,3955,0.095442633,0.165984797,360,57,394848,133263825,132868977,TRUE,0,amp,0.16,0.000525369,P-0007034
10,8,2685,2818,0.380713437,0.582905509,134,42,565219,145742117,145176898,TRUE,0,amp,0.73,0.002435845,P-0007545
5,4,1640,1679,-0.002506301,1.601198647,40,17,173704200,190262500,16558300,TRUE,0,loh,0.66,0.000242799,P-0008065
18,17,4752,4849,0.022792092,0.292193701,98,14,114595,17131190,17016595,TRUE,0,loh,0.15,0.000162837,P-0008591
15,15,4299,4469,0.204820195,0.259802534,171,34,26216400,99861600,73645200,TRUE,0,amp,0.3,3.73E-05,P-0008675
21,20,5728,5829,-0.231271874,0.254145744,102,7,31369151,48451129,17081978,TRUE,0,del,0.24,0.002391281,P-0008675
3,2,528,547,-0.208237032,0.411923709,20,3,25457200,25966600,509400,TRUE,1.03E-12,del,0.32,0.002610744,P-0008958
14,11,3398,3594,-0.240735449,0.391738354,197,27,85961487,133495556,47534069,TRUE,0,del,0.32,0.000165327,P-0008958
8,5,2106,2217,-0.279984861,0.459288805,112,33,86682755,154504947,67822192,TRUE,0,del,0.37,3.89E-05,P-0009076
23,23,6045,6334,-0.098239748,0.190547858,290,28,1314900,145961900,144647000,TRUE,0,del,0.16,0.001075267,P-0009349
7,7,2369,2458,-0.114402518,0.173333046,90,27,1672599,53854818,52182219,TRUE,0,del,0.16,2.85E-05,P-0009907
9,7,2519,2700,-0.099589228,0.202057434,182,20,82956889,158450965,75494076,TRUE,0,del,0.17,0.000551512,P-0009907
14,14,4178,4285,0.357545146,0.483247307,108,21,20893219,105258893,84365674,TRUE,0,amp,0.6,0.000398894,P-0009996
3,2,627,647,-0.57224741,1.011335473,21,3,25457322,25967174,509852,TRUE,0,del,0.64,0.000179878,P-0010085
23,23,6060,6348,-0.28930131,0.436274291,289,20,1315000,149924738,148609738,TRUE,0,del,0.36,0.000475704,P-0010119
8,8,2680,2813,0.118258141,0.195721834,134,37,565219,145742117,145176898,TRUE,0,amp,0.21,0.000142175,P-0010922
12,12,3621,3665,-0.034757665,0.33005097,45,11,394848,11992114,11597266,TRUE,0,loh,0.16,0.000796907,P-0011290
5,4,1579,1599,-0.605753351,1.754825087,21,1,99809084,106196951,6387867,TRUE,0,del,0.82,0.024053896,P-0011485
3,2,535,549,-0.203467588,0.409345197,15,3,25457322,25505287,47965,TRUE,7.77E-15,del,0.32,0.002442582,P-0011514
8,5,1847,1952,-0.256517988,0.444951147,106,20,88365714,154504947,66139233,TRUE,0,del,0.35,0.000759045,P-0011590
9,9,2829,2919,-0.014881617,0.415024693,91,14,421900,36840690,36418790,TRUE,0,loh,0.2,0.000404622,P-0012380
3,2,615,642,-0.20801664,0.338773343,28,4,25100738,25990500,889762,TRUE,0,del,0.28,0.000227616,P-0012393
15,15,4879,5093,0.243966094,0.327364467,215,34,26216391,99861618,73645227,TRUE,0,amp,0.39,1.38E-05,P-0012739
18,17,4858,4922,-0.135903214,0.248921663,65,6,16089842,29694300,13604458,TRUE,4.88E-14,del,0.21,0.000862049,P-0012916
2,1,454,479,-0.635504113,1.313328106,26,1,221345742,227596235,6250493,TRUE,0,del,0.73,0.000285034,P-0013232
15,13,3960,4161,0.013126785,1.755236713,202,34,21004738,112722200,91717462,TRUE,0,loh,0.71,0.000463273,P-0013232
13,12,3860,3916,-0.038694443,0.308377138,57,11,93919282,131945067,38025785,TRUE,4.72E-12,loh,0.15,0.001969423,P-0013707
9,9,2828,2913,0.015605375,0.269330246,86,20,421980,31112900,30690920,TRUE,0,loh,0.13,0.0001432,P-0013809
12,12,3607,3969,0.095889312,0.160917686,363,54,394800,133263825,132869025,TRUE,0,amp,0.16,0.000209079,P-0014033
19,19,5298,5666,0.062246418,0.150290247,369,67,1207247,58288184,57080937,TRUE,0,amp,0.14,0.001126982,P-0014033
9,9,3258,3385,0.005995891,0.661546136,128,23,422157,36966761,36544604,TRUE,0,loh,0.32,3.97E-05,P-0014075
9,6,2339,2354,-0.308972951,0.451750933,16,3,30668228,31322385,654157,TRUE,0,del,0.37,0.000499146,P-0014265
12,8,3006,3081,-0.38834621,0.748577048,76,15,565232,43092903,42527671,TRUE,0,del,0.52,0.001818824,P-0014265
24,17,5434,5532,-0.367331642,0.557339356,99,19,114595,21490164,21375569,TRUE,0,del,0.43,0.000602929,P-0014265
14,12,4142,4535,0.151474569,0.200064009,394,66,394900,133263825,132868925,TRUE,0,amp,0.23,6.14E-05,P-0014682
24,22,6724,6843,0.156433261,0.285599277,120,13,17053077,49370834,32317757,TRUE,0,amp,0.3,0.00183641,P-0014682
1,1,1,292,-0.003038427,0.55251061,292,32,2488200,96258948,93770748,TRUE,0,loh,0.27,2.03E-05,P-0014771
6,5,2148,2300,-0.232128426,0.445213093,153,28,131892962,180527600,48634638,TRUE,0,del,0.35,0.001347548,P-0014957
9,7,2856,3026,-0.149648518,0.166211669,171,29,103122645,158450935,55328290,TRUE,0,del,0.17,0.00150325,P-0014957
19,17,5447,5805,0.008782319,0.318444014,359,31,114595,56774186,56659591,TRUE,0,loh,0.16,2.70E-05,P-0014957
20,17,5806,5911,0.131935163,0.203749287,106,19,56780459,80783009,24002550,TRUE,6.66E-16,amp,0.21,0.000737047,P-0014957
15,14,4827,4882,-0.170863809,0.251219935,56,14,69117600,105906024,36788424,TRUE,4.66E-15,del,0.22,3.06E-05,P-0015086
21,20,6510,6609,-0.204644535,0.320396505,100,8,31367893,46282200,14914307,TRUE,0,del,0.27,3.41E-05,P-0015212
3,1,40,209,0.020264303,1.99797514,170,10,11187200,46532739,35345539,TRUE,0,loh,0.76,5.37E-05,P-0015968
4,1,210,299,-0.084945495,1.311476685,90,6,46543176,96258900,49715724,TRUE,0,loh,0.58,0.010264297,P-0015968
4,3,1341,1578,0.237442163,0.319140793,238,28,95454468,197348562,101894094,TRUE,0,amp,0.38,9.22E-06,P-0016043
23,20,6502,6584,-0.234493819,0.421178263,83,17,31367948,41956960,10589012,TRUE,0,del,0.34,0.000602836,P-0016372
21,20,6530,6574,-0.180764753,0.264656336,45,5,39657700,41306600,1648900,TRUE,4.56E-13,del,0.23,6.32E-05,P-0016453
23,23,6844,7143,-0.174635079,0.264532091,300,20,1315000,152861426,151546426,TRUE,0,del,0.23,2.25E-05,P-0016578
21,20,6538,6647,-0.105676898,0.209987272,110,12,36022364,62292622,26270258,TRUE,6.08E-14,del,0.17,0.00112596,P-0016637
14,13,4616,4694,-0.101020505,0.16543102,79,9,32507426,55384646,22877220,TRUE,0,del,0.15,3.89E-05,P-0016838
12,11,3999,4210,-0.018719437,0.404022752,212,18,83269191,133495556,50226365,TRUE,0,loh,0.2,0.000479784,P-0017167
23,23,6832,7130,-0.208392668,0.303390502,299,19,1315000,152861465,151546465,TRUE,0,del,0.26,1.18E-05,P-0017432
12,12,4157,4553,0.203946993,0.315553073,397,83,394797,133263825,132869028,TRUE,0,amp,0.35,0.000463838,P-0017443
19,19,6033,6474,0.199317158,0.277433489,442,79,1207280,58288169,57080889,TRUE,0,amp,0.32,1.25E-06,P-0017443
23,23,6866,7168,-0.190567976,0.299925987,303,29,1314900,152861465,151546565,TRUE,0,del,0.26,6.76E-06,P-0017862
14,13,4607,4694,-0.276351171,0.455634463,88,18,29002037,68930985,39928948,TRUE,0,del,0.36,9.58E-05,P-0018085
21,20,6535,6620,-0.428235065,0.730634183,86,11,31367900,46255902,14888002,TRUE,0,del,0.52,1.32E-05,P-0018707
6,5,2074,2218,-0.335320358,0.574363966,145,17,85383500,172084989,86701489,TRUE,0,del,0.43,0.000410927,P-0018854
37,20,6452,6577,-0.656368484,0.993012391,126,25,31374259,59927968,28553709,TRUE,0,del,0.63,0.000362734,P-0019012
23,23,6840,7136,-0.206320357,0.383814586,297,27,1315000,152861500,151546500,TRUE,0,del,0.31,0.000488824,P-0019452
23,23,6850,7149,-0.202743348,0.301383852,300,31,1315000,152861700,151546700,TRUE,0,del,0.26,4.52E-05,P-0019565
18,17,5558,5618,-0.25093889,0.325658399,61,5,29422400,30696337,1273937,TRUE,0,del,0.29,0.000576447,P-0019648
22,22,6726,6847,-0.010411592,0.75895777,122,14,17053077,49370817,32317740,TRUE,0,loh,0.36,0.000323356,P-0019727
5,4,1774,1779,-0.787326435,1.515962967,6,3,106180900,106196951,16051,TRUE,0,del,0.78,0.006051229,P-0019742
23,23,6865,7165,-0.06910547,0.142953709,301,33,1314900,152861500,151546600,TRUE,0,del,0.13,0.000228381,P-0019987
21,20,6527,6622,-0.174884229,0.268864307,96,12,31395764,55178081,23782317,TRUE,0,del,0.23,5.72E-05,P-0020339
23,23,6858,7156,-0.151663525,0.266056618,299,31,1315000,152861567,151546567,TRUE,0,del,0.23,3.19E-05,P-0020929
6,5,2125,2159,-0.291357914,0.36789287,35,3,85383500,112103053,26719553,TRUE,0,del,0.33,0.002694338,P-0021192
21,20,6534,6635,-0.24496831,0.420060749,102,14,31368174,48451129,17082955,TRUE,0,del,0.34,0.000399638,P-0021694
21,20,6492,6583,-0.292155704,0.412005492,92,10,31015900,41956900,10941000,TRUE,0,del,0.34,0.000391022,P-0022233
15,14,4835,4913,-0.149893061,0.203915814,79,9,61884646,105258892,43374246,TRUE,0,del,0.19,0.000328069,P-0022289
3,2,623,640,-0.339427166,0.550316944,18,3,25457200,25964963,507763,TRUE,0,del,0.42,4.41E-05,P-0022642
2,1,15,93,-0.012223552,0.215152602,79,21,8080112,16259813,8179701,TRUE,1.36E-12,loh,0.11,0.000108275,P-0022756
6,5,2146,2167,-0.454818304,0.539424564,22,1,131893019,131978102,85083,TRUE,0,del,0.44,0.011004501,P-0023341
5,4,1778,1799,-0.215434011,0.264202486,22,4,99808400,106197557,6389157,TRUE,4.19E-14,del,0.24,0.000875201,P-0023386
13,12,4200,4248,-0.134342956,0.209676444,49,16,11664178,12873107,1208929,TRUE,0,del,0.19,1.09E-06,P-0023454
3,3,1071,1319,-0.000469653,0.982499108,249,29,1449841,89259201,87809360,TRUE,0,loh,0.46,0.000148274,P-0023459
8,5,1904,1982,-0.267555434,0.428209869,79,19,223683,31508672,31284989,TRUE,0,del,0.35,0.000138893,P-0023507
10,5,2082,2188,-0.365865218,0.497466985,107,11,77168090,131973836,54805746,TRUE,0,del,0.41,0.004087721,P-0023507
11,5,2189,2319,-0.201834088,0.56092625,131,24,131976537,180527367,48550830,TRUE,0,del,0.4,0.012234887,P-0023507
15,7,2744,2765,-0.247941599,0.456219916,22,8,6776861,24164579,17387718,TRUE,0,del,0.36,0.000383698,P-0023507
7,6,2335,2475,0.002601475,1.223795916,141,27,7517800,64288800,56771000,TRUE,0,loh,0.55,0.000344521,P-0023856
12,11,4001,4065,-0.126652451,0.263419444,65,3,108098500,111965500,3867000,TRUE,4.44E-16,del,0.22,0.001408712,P-0023970
5,4,1772,1786,-0.768954064,1.684776669,15,1,106111700,106197552,85852,TRUE,0,del,0.82,0.001039032,P-0024538
18,17,5569,5628,-0.466489956,0.934096354,60,2,29422400,30325895,903495,TRUE,0,del,0.6,0.002898457,P-0024660
6,5,2210,2227,-0.236782845,0.274232311,18,7,149509270,154936100,5426830,TRUE,6.04E-14,del,0.26,0.002115006,P-0024730
13,12,4188,4291,-0.23695228,0.35358718,104,21,11803100,25398262,13595162,TRUE,0,del,0.3,2.23E-05,P-0025541
11,11,3772,4119,0.021844516,0.195512336,348,49,532607,133495556,132962949,TRUE,5.40E-11,loh,0.1,4.75E-05,P-0025568
21,20,6521,6543,-0.386598285,0.576931416,23,7,31022422,31395556,373134,TRUE,0,del,0.44,0.00033812,P-0025756
21,20,6504,6614,-0.361768381,0.796493863,111,6,31024873,54961541,23936668,TRUE,0,del,0.53,0.007964023,P-0025857
23,23,6866,7160,-0.187936222,0.283837494,295,27,1314900,152861600,151546700,TRUE,0,del,0.25,4.90E-05,P-0025914
2,1,373,591,-0.039705897,2.049255486,219,23,150552622,246670495,96117873,TRUE,0,loh,0.77,0.000301994,P-0026492
21,20,6488,6576,-0.216772654,0.271837755,89,10,31387954,48808494,17420540,TRUE,0,del,0.25,0.000407193,P-0026511
1,1,1,297,-0.00744089,0.30845597,297,40,1001177,106053803,105052626,TRUE,0,loh,0.15,3.94E-05,P-0026778
16,15,4902,4926,-0.264939565,0.372870858,25,2,41849532,42058371,208839,TRUE,0,del,0.32,0.00057585,P-0026854
12,12,4147,4540,0.114537654,0.156237065,394,90,394900,133263825,132868925,TRUE,0,amp,0.16,0.000110323,P-0026935
9,9,3246,3309,0.000236184,0.913827798,64,9,422000,8500690,8078690,TRUE,0,loh,0.43,0.000363822,P-0027764
21,20,6500,6602,-0.445421575,0.744998063,103,9,31368174,48808356,17440182,TRUE,0,del,0.53,0.000100577,P-0028264
23,23,6831,7129,-0.204466639,0.338305389,299,24,1314900,152861465,151546565,TRUE,0,del,0.29,3.42E-05,P-0028439
8,7,2863,3035,0.006745543,0.305097196,173,25,99927916,158450965,58523049,TRUE,0,loh,0.15,8.39E-05,P-0028643
4,3,1479,1578,0.149156425,0.191034982,100,10,169780490,197348560,27568070,TRUE,6.66E-16,amp,0.21,8.68E-06,P-0028968
9,7,2650,2717,-0.372938226,0.618372944,68,21,1672601,24164624,22492023,TRUE,0,del,0.46,2.00E-05,P-0028968
3,3,1072,1579,0.118919973,0.186349502,508,85,2001904,197348560,195346656,TRUE,0,amp,0.2,1.76E-05,P-0029260
17,16,5233,5468,0.018873954,0.230230054,236,39,3900512,89883007,85982495,TRUE,6.05E-14,loh,0.11,0.000381031,P-0029298
3,2,619,652,-0.818679563,1.220955642,34,2,25100738,26068382,967644,TRUE,0,del,0.72,0.037094181,P-0029339
3,3,1070,1571,0.139851211,0.245221592,502,58,1449872,197348600,195898728,TRUE,0,amp,0.26,0.000559351,P-0029407
12,12,4107,4500,0.150905252,0.210163963,394,70,394848,133263825,132868977,TRUE,0,amp,0.24,4.85E-05,P-0029407
12,11,4008,4159,-0.115390431,0.174338764,152,14,102094525,133495735,31401210,TRUE,0,del,0.16,0.000140417,P-0029469
12,12,4143,4536,0.156498367,0.202816016,394,71,394588,133263886,132869298,TRUE,0,amp,0.23,7.82E-05,P-0029603
9,9,3248,3375,-0.005744417,1.352445298,128,20,421860,37020800,36598940,TRUE,0,loh,0.59,1.43E-05,P-0029604
10,9,3437,3613,0.002805436,0.210199028,177,27,93606103,139819984,46213881,TRUE,1.30E-14,loh,0.1,0.000152077,P-0029666
3,2,609,647,-0.2298611,0.390724777,39,11,17986745,27017200,9030455,TRUE,0,del,0.32,0.00062824,P-0030156
21,20,6501,6600,-0.142928534,0.203522629,100,8,31372581,48451100,17078519,TRUE,0,del,0.18,3.07E-05,P-0030928
18,18,5930,6040,0.024240087,0.248997833,111,14,724500,74387299,73662799,TRUE,2.01E-12,loh,0.12,0.000813734,P-0031352
5,4,1779,1794,-0.542752473,1.151172071,16,2,106111697,106197750,86053,TRUE,0,del,0.68,0.002656521,P-0031359
23,23,6872,7169,-0.099038925,0.184157226,298,20,1315000,152861563,151546563,TRUE,0,del,0.16,0.000574419,P-0031454
10,9,3395,3609,-0.002648597,0.454546206,215,37,37015220,139820421,102805201,TRUE,0,loh,0.22,5.92E-05,P-0031465
16,13,4617,4692,-0.487907183,0.650395933,76,7,32507426,49286115,16778689,TRUE,0,del,0.5,0.007922799,P-0031706
4,3,1363,1577,0.12873999,0.213449205,215,22,119812326,197348562,77536236,TRUE,0,amp,0.22,0.000441395,P-0031759
10,6,2591,2656,6.54E-05,0.412896185,66,9,149982954,170798892,20815938,TRUE,0,loh,0.2,0.000101135,P-0031759
21,17,5415,5518,-0.160812785,0.233226906,104,13,114595,29086657,28972062,TRUE,0,del,0.21,4.15E-05,P-0031759
5,4,1764,1779,-0.49849062,0.89077485,16,3,105409654,106197500,787846,TRUE,0,del,0.59,0.000140244,P-0031865
3,2,930,1081,-0.029589297,0.262526779,152,26,179632689,242800900,63168211,TRUE,0,loh,0.13,0.000670745,P-0031890
36,23,6858,7083,-0.310466629,0.464678944,226,18,15841315,106444209,90602894,TRUE,0,del,0.37,6.90E-05,P-0031946
13,11,3795,4141,-0.030387015,0.246504053,347,47,532729,133495556,132962827,TRUE,0,loh,0.12,8.06E-05,P-0032684
18,13,4625,4746,-0.290185332,0.281165294,122,13,32890584,103528063,70637479,TRUE,0,del,0.27,0.005705383,P-0033037
9,9,3253,3384,0.0127682,0.829303622,132,21,422025,75047052,74625027,TRUE,0,loh,0.39,0.000232843,P-0033114
21,20,6479,6508,-0.558082966,0.75070834,30,5,31016111,31395732,379621,TRUE,0,del,0.55,0.009209285,P-0033171
23,20,6478,6533,-0.374444846,0.797452639,56,8,31019024,39751800,8732776,TRUE,0,del,0.53,0.008564845,P-0033613
25,23,6898,7201,-0.250059572,0.382126292,304,32,1314900,152861465,151546565,TRUE,0,del,0.32,1.85E-05,P-0033962
31,22,6768,6891,0.342936768,0.54787077,124,20,17053032,49370864,32317832,TRUE,0,amp,0.67,0.002748439,P-0034080
9,9,3262,3393,0.041681126,0.701250511,132,20,422013,37033962,36611949,TRUE,0,loh,0.34,0.001822209,P-0034085
16,14,4756,4882,0.008580866,0.251834666,127,25,20893219,105258892,84365673,TRUE,0,loh,0.13,0.000174388,P-0034085
23,20,6489,6568,-0.337735197,0.398012211,80,8,36012617,46282201,10269584,TRUE,0,del,0.35,0.003903805,P-0034289
3,2,606,643,-0.392137597,0.401242939,38,7,17986683,27015118,9028435,TRUE,0,del,0.37,0.016081526,P-0034540
17,17,5452,5679,-0.010698126,0.234572281,228,29,114600,40370375,40255775,TRUE,9.55E-15,loh,0.12,5.03E-05,P-0034797
9,6,2464,2684,-0.152485481,0.221320638,221,55,76598904,170798912,94200008,TRUE,0,del,0.19,0.000136576,P-0034937
26,17,5589,5920,0.114308643,0.15339736,332,41,29654761,80783024,51128263,TRUE,6.25E-14,amp,0.16,7.03E-05,P-0035147
26,17,5811,5912,0.069011167,0.653312569,102,20,56798157,80783009,23984852,TRUE,0,loh,0.32,0.001793735,P-0035205
11,6,2583,2629,-0.159940904,0.29835103,47,8,129479000,157099349,27620349,TRUE,4.44E-16,del,0.25,0.000252017,P-0035369
20,17,5631,5921,-0.006409323,0.611061037,291,39,37618900,80783009,43164109,TRUE,0,loh,0.3,6.53E-05,P-0035436
11,7,2843,3021,-0.119001484,0.192758785,179,28,92247333,158450965,66203632,TRUE,5.87E-11,del,0.17,0.000263543,P-0035469
3,2,613,630,-0.455846524,0.653342132,18,1,21058065,25536827,4478762,TRUE,0,del,0.49,0.002692396,P-0035487
27,23,6858,7158,-0.13461766,0.198339807,301,16,1314900,152861390,151546490,TRUE,0,del,0.19,0.000277424,P-0035626
12,9,3549,3637,0.022531745,0.564345942,89,9,128420000,139820421,11400421,TRUE,0,loh,0.27,0.001927698,P-0035694
6,3,1346,1585,0.24183796,0.353599999,240,27,94429172,197348560,102919388,TRUE,0,amp,0.41,0.000154876,P-0035724
15,10,3631,3650,-0.391307722,0.375938903,20,7,10216430,43572832,33356402,TRUE,1.11E-14,del,0.35,0.015707827,P-0036455
17,15,4884,5095,0.127328879,0.23746259,212,37,26216553,99861600,73645047,TRUE,0,amp,0.25,0.000388061,P-0036479
17,15,4876,5089,0.35667644,0.473653774,214,33,26216370,99861659,73645289,TRUE,0,amp,0.6,3.72E-05,P-0036873
8,5,2082,2214,-0.18786419,0.288605513,133,17,85383443,154504947,69121504,TRUE,0,del,0.25,4.21E-06,P-0036959
25,22,6780,6833,-0.322176789,0.436901804,54,9,24158899,30090752,5931853,TRUE,0,del,0.37,0.001458867,P-0036980
17,15,4877,5089,0.138349763,0.215178666,213,31,26216370,99861641,73645271,TRUE,0,amp,0.24,6.33E-06,P-0037289
24,17,5514,5610,-0.029593211,0.33483282,97,7,16056674,37628000,21571326,TRUE,7.26E-14,loh,0.17,0.002729678,P-0037972
2,2,601,775,0.155650334,0.209960113,175,36,4717100,61709600,56992500,TRUE,0,amp,0.23,2.73E-05,P-0038069
13,11,3924,4089,-0.161893165,0.278529002,166,16,83269090,118375079,35105989,TRUE,0,del,0.23,0.000697056,P-0038069
14,14,4752,4878,0.100843842,0.232374836,127,23,21337356,105258937,83921581,TRUE,0,amp,0.22,0.002647363,P-0039220
23,23,6842,7136,-0.428665371,0.663244333,295,27,1314900,152861577,151546677,TRUE,0,del,0.49,0.000380053,P-0039794
14,12,4159,4554,0.256287469,0.371921325,396,92,394848,133263825,132868977,TRUE,0,amp,0.46,8.18E-05,P-0040328
17,17,5443,5547,-0.028521818,0.304654543,105,18,114669,29059114,28944445,TRUE,8.88E-16,loh,0.15,0.000108815,P-0040450
12,11,3855,4148,-0.013048939,1.298723232,294,33,61197732,133495735,72298003,TRUE,0,loh,0.57,0.000554836,P-0040892
23,23,6844,7142,-0.390534126,0.65926096,299,23,1315000,152861427,151546427,TRUE,0,del,0.49,0.00029795,P-0040918
20,20,6447,6489,0.312300022,0.433176863,43,6,1421932,31024937,29603005,TRUE,0,amp,0.53,8.61E-05,P-0041310
21,20,6490,6592,-0.398146214,0.650015187,103,15,31367894,48808350,17440456,TRUE,0,del,0.47,0.000335373,P-0041310
12,6,2268,2415,-0.084676187,0.935947589,148,33,393300,45769439,45376139,TRUE,0,loh,0.44,0.000657712,P-0041321
9,9,3211,3307,-0.08657189,0.797249986,97,11,422052,27190655,26768603,TRUE,0,loh,0.38,0.002597667,P-0041882
27,23,6854,7149,-0.172657028,0.171079272,296,23,1315000,152861700,151546700,TRUE,1.11E-16,del,0.18,0.002106801,P-0042053
21,20,6506,6609,-0.180519745,0.35451329,104,9,31367978,52776739,21408761,TRUE,0,del,0.28,0.003401487,P-0042078
15,15,4823,5038,0.164372606,0.225124356,216,30,26216300,101094335,74878035,TRUE,0,amp,0.26,6.90E-05,P-0043048
4,3,1467,1499,-0.271014834,0.611616809,33,2,154880414,178917000,24036586,TRUE,1.62E-11,del,0.43,0.012922043,P-0043362
14,11,3978,4044,-0.325511918,0.462258173,67,6,102199600,110665885,8466285,TRUE,4.13E-12,del,0.36,0.000639775,P-0043503
21,18,5891,5914,-0.256243992,0.379884576,24,9,724600,29691607,28967007,TRUE,0,del,0.32,3.38E-05,P-0043914
17,15,4870,5082,0.357355079,0.432364166,213,38,26216409,99861491,73645082,TRUE,0,amp,0.56,0.000462318,P-0043944
1,1,1,297,0.023070267,0.953095826,297,36,1001177,106053803,105052626,TRUE,0,loh,0.44,0.000233731,P-0045096
8,8,3026,3264,0.170734773,0.216756498,239,51,565232,145742480,145177248,TRUE,0,amp,0.25,0.000181035,P-0045463
5,4,1742,1872,0.002984819,1.914163369,131,22,84383761,190262408,105878647,TRUE,0,loh,0.74,0.000532512,P-0045590
14,11,3915,4075,-0.133691245,0.296121218,161,11,77051683,118353268,41301585,TRUE,1.73E-13,del,0.22,0.006164393,P-0045817
21,17,5431,5473,-0.073348979,0.392061292,43,10,114595,12013621,11899026,TRUE,0,loh,0.19,0.002925901,P-0045827
25,23,6872,7172,-0.282747292,0.413711405,301,21,1315000,152861600,151546600,TRUE,0,del,0.35,0.00090424,P-0045958
14,12,4146,4544,0.082679392,0.196082526,399,85,394900,133263825,132868925,TRUE,0,amp,0.2,0.000685294,P-0046151
3,2,607,627,-0.523327287,0.609912144,21,5,17675684,25505192,7829508,TRUE,0,del,0.48,0.012134104,P-0046177
13,12,4195,4281,-0.276654374,0.360884366,87,30,11664178,21624056,9959878,TRUE,0,del,0.31,0.000189847,P-0046989
5,4,1636,1853,-0.051252175,0.206065927,218,40,1959774,187367548,185407774,TRUE,5.09E-13,loh,0.1,0.001087481,P-0047174
13,9,3260,3383,-0.005679993,0.713431086,124,21,422157,36930973,36508816,TRUE,0,loh,0.34,0.000197551,P-0047174
10,7,2845,3024,0.020752044,0.892491984,180,15,92244422,158450965,66206543,TRUE,0,loh,0.42,0.000268873,P-0047371
12,9,3387,3599,-0.013699339,0.312593927,213,43,75794689,139819984,64025295,TRUE,0,loh,0.16,0.000145316,P-0047388
23,20,6473,6576,-0.295402574,0.348769062,104,14,31368081,48808494,17440413,TRUE,0,del,0.3,0.000846746,P-0047485
9,9,3234,3365,0.158544413,1.304097367,132,24,422000,75047061,74625061,TRUE,0,loh,0.57,0.036306487,P-0047673
10,9,3366,3578,0.178910146,0.225246118,213,29,75156057,139820363,64664306,TRUE,0,amp,0.28,0.000936293,P-0047673
20,19,5060,5073,-0.691166749,1.672339056,14,2,41725303,41765628,40325,TRUE,0,del,0.81,0.00162245,P-0002481
23,20,5179,5190,-0.671493719,1.646813063,12,2,31395500,36971119,5575619,TRUE,0,del,0.8,0.003528665,P-0002481
25,20,5210,5243,-0.706120277,1.665921663,34,3,40709617,48451129,7741512,TRUE,0,del,0.81,0.000584717,P-0002481
29,22,5364,5424,-0.662696682,1.633529674,61,9,24129400,30090835,5961435,TRUE,0,del,0.8,0.0036019,P-0002481
23,20,5710,5815,-0.269951831,0.440411431,106,14,31368261,54948500,23580239,TRUE,0,del,0.36,3.59E-05,P-0006828
14,12,3602,3967,0.114209355,0.198702868,366,62,394524,133263825,132869301,TRUE,0,amp,0.21,0.000252915,P-0007126
23,23,6033,6317,-0.783603009,1.774966056,285,17,1314900,149924738,148609838,TRUE,0,del,0.83,0.002071904,P-0007782
22,22,6716,6838,0.021836904,0.993888027,123,21,17053077,49370754,32317677,TRUE,0,loh,0.46,0.000124789,P-0008024
20,19,6056,6165,-0.039813374,0.547730094,110,21,1625500,10252942,8627442,TRUE,0,loh,0.27,0.001105933,P-0008839
23,20,5714,5817,-0.267076696,0.498052398,104,14,31368166,51970900,20602734,TRUE,0,del,0.38,0.002705672,P-0009194
20,20,5656,5681,-0.382605887,0.475646196,26,10,1421932,25080341,23658409,TRUE,0,del,0.4,0.003387577,P-0010283
14,13,4071,4101,-0.448031532,0.501080489,31,3,42178332,67591727,25413395,TRUE,0,del,0.43,0.013426508,P-0011323
21,20,6499,6616,-0.356035458,0.426498017,118,8,30954295,48808437,17854142,TRUE,0,del,0.37,0.007727484,P-0015462
14,14,4736,4858,-0.022075798,1.727997518,123,6,21337356,105259011,83921655,TRUE,0,loh,0.7,4.45E-05,P-0016054
12,12,4142,4533,0.111014909,0.172234505,392,59,394800,133263886,132869086,TRUE,0,amp,0.18,5.87E-05,P-0016554
14,14,4742,4871,-0.025815483,1.617703398,130,21,20641788,105258892,84617104,TRUE,0,loh,0.67,0.000507704,P-0016871
21,20,6535,6618,-0.262351535,0.416517955,84,13,31024274,46251044,15226770,TRUE,0,del,0.34,2.44E-06,P-0018941
1,1,1,278,0.030695499,0.475146005,278,20,2488153,78430391,75942238,TRUE,0,loh,0.23,0.000702386,P-0019178
14,14,4762,4888,0.013874548,0.798504261,127,25,20641788,105258893,84617105,TRUE,0,loh,0.38,2.42E-05,P-0020437
23,23,6850,7145,-0.257612843,0.426206478,296,25,1314900,152861567,151546667,TRUE,0,del,0.34,0.000125558,P-0024180
12,11,3864,3901,-0.150594447,0.371408506,38,13,35242900,67202647,31959747,TRUE,0,del,0.29,0.004835353,P-0026667
21,20,6491,6591,-0.350428198,0.558572516,101,17,31368081,46282201,14914120,TRUE,0,del,0.43,0.000129966,P-0027957
3,2,615,647,-0.432788967,0.740762781,33,3,25457216,26101000,643784,TRUE,0,del,0.52,4.68E-05,P-0028928
3,2,611,644,-0.327159859,0.430857442,34,2,25100738,26101008,1000270,TRUE,0,del,0.36,0.001786889,P-0029813
12,11,3937,4125,-0.166949566,0.308001756,189,16,81185331,119169166,37983835,TRUE,0,del,0.26,0.000627079,P-0031709
22,13,4680,4787,0.005092836,0.324638496,108,21,34299146,112722259,78423113,TRUE,0,loh,0.16,3.56E-06,P-0034180
32,23,6891,7192,-0.155279099,0.176682403,302,21,1314900,152861577,151546677,TRUE,0,del,0.18,0.001051224,P-0034180
25,23,6861,7160,-0.271190996,0.342355525,300,22,1314900,152861700,151546800,TRUE,0,del,0.3,0.000493568,P-0040752
21,20,6490,6580,-0.185745319,0.226617665,91,10,31388740,52776841,21388101,TRUE,1.72E-12,del,0.21,0.000105036,P-0042476
18,15,4948,4971,-0.187468555,0.31138924,24,6,45008535,66782824,21774289,TRUE,1.31E-11,del,0.26,0.000696277,P-0044907
13,12,4405,4461,-0.093513443,0.332739656,57,12,58144665,112924280,54779615,TRUE,4.95E-13,loh,0.16,0.005350148,P-0040449
21,20,5681,5781,-0.218776734,0.838035924,101,2,31368261,48451129,17082868,TRUE,0,loh,0.4,0.046966094,P-0003261
5,4,1575,1597,-0.234046198,0.439838067,23,5,99806200,106196829,6390629,TRUE,2.78E-15,del,0.34,0.001513425,P-0009082
6,5,2060,2297,-0.037119469,0.420874086,238,45,79172136,180527538,101355402,TRUE,0,loh,0.21,0.001796267,P-0036418
13,13,4538,4750,-0.019760183,0.219232895,213,36,19956653,112722170,92765517,TRUE,8.57E-12,loh,0.11,0.000291162,P-0015986
21,20,5752,5840,-0.026245695,0.726270804,89,15,39728657,61048549,21319892,TRUE,0,loh,0.35,0.000118975,P-0005232
21,20,6477,6590,-0.269340293,0.362257735,114,5,30954100,46282134,15328034,TRUE,0,del,0.31,0.000840252,P-0028109
9,8,3103,3262,0.133460859,0.242640515,160,46,53901200,145742451,91841251,TRUE,0,amp,0.24,0.001577958,P-0030191
12,9,3391,3497,-0.30933114,0.455082601,107,22,75047061,116791161,41744100,TRUE,0,del,0.37,0.000634583,P-0035137
6,5,2118,2170,-0.31788345,0.254110015,53,5,101265926,131972900,30706974,TRUE,4.00E-13,del,0.27,0.013636996,P-0032072
1,1,1,589,0.014253903,0.235696665,589,67,2488153,246670500,244182347,TRUE,0,loh,0.12,0.000275217,P-0038070
19,16,5355,5448,-0.05193057,0.272610649,94,25,72992903,89883003,16890100,TRUE,0,loh,0.14,0.001640528,P-0031309
18,17,5583,5597,-0.484834688,0.642319238,15,3,29701106,31889954,2188848,TRUE,0,del,0.49,0.006553487,P-0037652
24,22,6743,6864,-0.033000634,0.718409341,122,19,17053032,49370834,32317802,TRUE,0,loh,0.34,0.000119876,P-0034928
13,12,3406,3422,-0.362469893,0.361888596,17,7,12023773,12037464,13691,TRUE,3.78E-13,del,0.33,0.004089218,P-0001681
11,10,3208,3229,-0.252641829,0.30457186,22,4,88652031,104264107,15612076,TRUE,2.22E-16,del,0.28,0.00242998,P-0005138
5,4,1784,1792,-0.431095478,0.328026907,9,3,106196700,114757297,8560597,TRUE,7.99E-13,del,0.34,0.030512225,P-0017739
13,11,3914,4135,-0.043245755,0.394604357,222,20,77048471,133495735,56447264,TRUE,0,loh,0.19,0.000322394,P-0044175
21,20,6529,6586,-0.170639072,0.322993126,58,5,36024653,41956900,5932247,TRUE,1.11E-16,del,0.26,0.001978282,P-0015947
12,11,3342,3601,0.019240509,1.358472936,260,28,62789131,133495556,70706425,TRUE,0,loh,0.59,0.000117672,P-0010851
24,23,6034,6316,-0.459054462,0.80845683,283,15,1315000,145961900,144646900,TRUE,0,del,0.55,0.000114705,P-0010851
14,11,3394,3455,-0.017380829,0.432267397,62,7,85961313,102221700,16260387,TRUE,1.47E-14,loh,0.21,0.001839554,P-0017583
10,5,2077,2158,-0.183288975,0.263280505,82,7,86633973,137431501,50797528,TRUE,1.80E-11,del,0.23,4.04E-05,P-0045555
14,13,4679,4685,-0.780422312,1.927473076,7,2,49054242,49286000,231758,TRUE,0,del,0.85,0.001177919,P-0031386
16,14,4747,4875,-0.003015323,1.172700879,129,26,20893219,105258926,84365707,TRUE,0,loh,0.53,0.000117017,P-0034584
13,12,4480,4511,-0.519318262,0.628432767,32,12,120535200,123892018,3356818,TRUE,0,del,0.49,0.012121302,P-0022542
23,23,6877,7175,-0.289848501,0.419719642,299,36,1315000,152861700,151546700,TRUE,0,del,0.35,0.001387309,P-0027129
25,22,5377,5411,-0.246178514,0.576370447,35,4,25494744,29694684,4199940,TRUE,3.66E-13,del,0.41,0.013228552,P-0002478
14,13,4103,4123,-0.252149033,0.387196839,21,5,67591619,80561500,12969881,TRUE,0,del,0.33,0.000674871,P-0008524
25,23,6027,6310,-0.672903389,1.525730288,284,10,1314900,145961900,144647000,TRUE,0,del,0.78,0.000232345,P-0008524
5,4,1751,1782,-0.347378666,0.395944568,32,8,67138143,106162600,39024457,TRUE,6.41E-13,del,0.34,0.002461373,P-0046995
23,23,6894,7187,-0.820405779,2.068505516,294,22,1315000,152861700,151546700,TRUE,0,del,0.87,0.001587361,P-0024752
23,23,6851,7144,-0.127435831,0.205491148,294,31,1315000,152861577,151546577,TRUE,0,del,0.18,9.21E-05,P-0029300
25,23,6858,7159,-0.201168648,0.292276239,302,33,1314900,152861448,151546548,TRUE,0,del,0.25,7.67E-05,P-0034445
15,15,4859,5071,0.124788073,0.20045486,213,35,26216249,99861618,73645369,TRUE,0,amp,0.21,0.000421738,P-0019365
17,15,4845,5057,0.262214644,0.374742762,213,46,26216249,99861618,73645369,TRUE,0,amp,0.45,1.73E-05,P-0047007
12,11,3527,3596,0.029748689,1.25654907,70,9,118339500,133495556,15156056,TRUE,0,loh,0.56,0.001105774,P-0006549
13,13,4550,4761,-0.060288074,0.75822445,212,32,19956891,112722293,92765402,TRUE,0,loh,0.36,0.00131428,P-0046009
25,23,6852,7146,-0.131206418,0.188264252,295,25,1315000,152861448,151546448,TRUE,0,del,0.17,3.81E-06,P-0041521
31,14,4757,4885,-0.051717603,0.479220469,129,18,20893219,105906073,85012854,TRUE,0,loh,0.24,0.002900453,P-0039120
23,23,6850,7146,-0.27765701,0.404120757,297,27,1314900,152861730,151546830,TRUE,0,del,0.34,0.000292277,P-0031994
6,5,2075,2138,-0.135426448,0.294129253,64,5,80149857,115106700,34956843,TRUE,0,del,0.23,0.002589452,P-0022069
21,20,6543,6649,-0.166322987,0.159504915,107,14,31367894,52776800,21408906,TRUE,0,del,0.17,0.00225728,P-0020883
21,20,6518,6629,-0.244403614,0.475599661,112,6,31015900,48808400,17792500,TRUE,0,del,0.36,0.002011211,P-0030409
23,23,6865,7162,-0.357154418,0.547492703,298,20,1315000,152861426,151546426,TRUE,0,del,0.43,0.000415013,P-0009014
3,3,885,914,-0.001713283,0.422491093,30,12,2001802,25569630,23567828,TRUE,0,loh,0.21,1.55E-05,P-0003009
5,4,1760,1776,-0.569508972,0.481760458,17,4,106193856,142367800,36173944,TRUE,2.85E-11,del,0.44,0.040145476,P-0039023
22,21,5356,5372,-0.302837654,0.51812887,17,6,42866396,42879500,13104,TRUE,0,del,0.4,0.001014662,P-0002797
18,17,5607,5907,-0.031360835,0.445529923,301,40,31889954,80783009,48893055,TRUE,0,loh,0.22,0.000283606,P-0018352
23,23,6851,7149,-0.137084245,0.19606532,299,18,1314900,152861449,151546549,TRUE,0,del,0.18,8.68E-05,P-0027153
25,23,6854,7151,-0.422247179,0.824261138,298,32,1315000,152861650,151546650,TRUE,0,del,0.56,0.001046565,P-0015027
7,4,1738,1792,-0.193968676,0.345505015,55,13,66509194,140810637,74301443,TRUE,2.66E-15,del,0.28,0.00114951,P-0032186
23,23,6018,6300,-0.317345155,0.507095302,283,17,1314900,145961910,144647010,TRUE,0,del,0.4,1.39E-05,P-0014169
23,23,6020,6304,-0.351480495,0.729554977,285,19,1314900,145961889,144646989,TRUE,0,del,0.5,0.005913019,P-0007695
6,5,2108,2157,-0.307329377,0.276303327,50,3,112090572,131973898,19883326,TRUE,7.82E-13,del,0.28,0.009862531,P-0037005
20,19,6074,6365,-0.018741601,0.241028349,292,42,2217836,36222875,34005039,TRUE,0,loh,0.12,0.00012893,P-0029169
12,12,4154,4548,0.087492545,0.170959646,395,86,394800,133263825,132869025,TRUE,0,amp,0.16,0.001049461,P-0024084
22,22,5921,6033,0.006832264,1.6208944,113,9,17053032,49370800,32317768,TRUE,0,loh,0.67,1.50E-05,P-0010557
10,9,2976,3092,-0.040367597,1.92675141,117,11,97873628,139411864,41538236,TRUE,0,loh,0.75,0.001218652,P-0003858
15,12,3501,3670,0.02301034,1.102585637,170,32,49416462,133263900,83847438,TRUE,0,loh,0.5,0.001089341,P-0000881
23,23,6853,7147,-0.276642973,0.446457928,295,30,1315000,152861426,151546426,TRUE,0,del,0.36,1.72E-06,P-0027742
7,5,2093,2147,-0.314090283,0.24149212,55,7,96383700,131972916,35589216,TRUE,2.03E-13,del,0.26,0.015144421,P-0010974
22,22,6729,6852,-0.01747321,0.225479863,124,19,16349431,49370834,33021403,TRUE,1.28E-11,loh,0.11,8.49E-05,P-0028522
15,12,4479,4495,-0.493730502,0.890005534,17,9,121416988,123892121,2475133,TRUE,0,del,0.59,1.39E-05,P-0015632
12,12,4140,4535,0.100391001,0.159363165,396,86,394800,133263900,132869100,TRUE,0,amp,0.17,2.36E-05,P-0016894
3,2,617,631,-0.589133553,1.255550234,15,3,25457300,25505200,47900,TRUE,0,del,0.71,0.002469398,P-0016273
12,11,3920,4072,0.01367346,0.806351475,153,14,71991870,111965573,39973703,TRUE,0,loh,0.38,0.001376328,P-0044750
13,11,4073,4146,-0.111291481,0.671792715,74,6,113282275,133495577,20213302,TRUE,0,loh,0.32,0.007885593,P-0044750
23,23,6029,6314,-0.112343167,0.219574294,286,19,1314900,149924738,148609838,TRUE,0,del,0.18,0.002022036,P-0011348
18,17,4868,4930,-0.200557891,0.222752112,63,10,21809394,30323800,8514406,TRUE,0,del,0.22,0.002329466,P-0012734
21,20,6487,6590,-0.128026457,0.219178475,104,14,31025088,48808350,17783262,TRUE,9.99E-16,del,0.19,0.000704039,P-0029224
5,4,1749,1812,-0.281267715,0.276570239,64,19,66535284,143029359,76494075,TRUE,7.66E-15,del,0.27,0.007032072,P-0036457
8,8,2693,2710,0.087889465,1.62841216,18,10,565232,18917041,18351809,TRUE,0,loh,0.67,0.006446647,P-0005473
15,15,4287,4456,-0.014358577,0.424200662,170,42,26216370,99861618,73645248,TRUE,0,loh,0.21,0.000542272,P-0009841
21,20,6474,6592,-0.182696088,0.245837715,119,14,30946600,52776892,21830292,TRUE,1.77E-14,del,0.22,7.25E-06,P-0044695
15,15,4287,4454,0.202498984,0.266814941,168,33,26216409,99861600,73645191,TRUE,0,amp,0.3,2.43E-05,P-0006471
17,15,4876,5091,0.084463015,0.227944128,216,29,26216300,99861700,73645400,TRUE,6.66E-16,amp,0.22,0.002138493,P-0044137
23,20,6486,6577,-0.155202961,0.244916365,92,18,31025163,46265509,15240346,TRUE,0,del,0.21,0.000233031,P-0029243
1,1,1,341,-0.005667939,0.287478244,341,40,1001177,120458832,119457655,TRUE,0,loh,0.14,3.45E-05,P-0043153
15,15,4926,5142,0.179105784,0.263005816,217,28,20489705,99861491,79371786,TRUE,0,amp,0.3,6.96E-05,P-0031293
21,20,6508,6628,-0.251038261,0.381270222,121,14,30946600,52776739,21830139,TRUE,0,del,0.32,1.95E-05,P-0021004
21,20,6528,6605,-0.218535651,0.45417069,78,10,32990050,46271052,13281002,TRUE,0,del,0.34,0.004553252,P-0016872
6,5,2113,2144,-0.373372415,0.322876368,32,4,112177485,131973900,19796415,TRUE,4.68E-12,del,0.32,0.015765352,P-0037537
3,2,821,954,-0.006259592,0.469095826,134,26,190742119,242800952,52058833,TRUE,0,loh,0.23,0.000125353,P-0004441
22,22,5922,6034,-0.005330693,0.420980736,113,19,17053077,49370834,32317757,TRUE,0,loh,0.21,3.62E-05,P-0012097
5,5,1878,2156,-0.082442705,0.16215294,279,47,223707,131945000,131721293,TRUE,5.77E-11,del,0.13,0.001741669,P-0043647
19,19,6000,6210,-0.016296505,0.253109347,211,27,1207162,15278103,14070941,TRUE,0,loh,0.13,0.000121111,P-0027711
22,22,6719,6841,0.018349805,0.396350311,123,13,17052949,49370864,32317915,TRUE,0,loh,0.2,0.000310563,P-0015702
25,23,6864,7167,-0.331590795,0.529347725,304,27,1314900,152861563,151546663,TRUE,0,del,0.42,0.000371714,P-0032455
23,23,6868,7163,-0.232879864,0.324803166,296,17,1315000,152861426,151546426,TRUE,0,del,0.28,0.00035866,P-0046987
21,20,6485,6602,-0.36391076,0.591506854,118,12,30946600,48808400,17861800,TRUE,0,del,0.44,0.000174272,P-0041505
23,23,5531,5802,-0.314547154,0.703467353,272,24,1315000,149924738,148609738,TRUE,0,del,0.49,0.007833821,P-0000571
21,20,5659,5796,-0.230707921,0.361698304,138,18,10869469,54956700,44087231,TRUE,0,del,0.3,0.00011161,P-0003169
15,15,4265,4436,0.133192497,0.220511083,172,33,26216409,99861618,73645209,TRUE,0,amp,0.23,0.000436514,P-0004612
1,1,1,273,0.015604212,0.391978234,273,37,2488200,110116442,107628242,TRUE,0,loh,0.19,0.000223108,P-0004828
4,4,1426,1673,-0.015849075,0.232174224,248,53,1402650,190262486,188859836,TRUE,1.93E-14,loh,0.12,0.000144524,P-0004875
14,14,4169,4278,-0.027336822,1.604987921,110,22,20893219,105258937,84365718,TRUE,0,loh,0.67,0.00065134,P-0004875
5,4,1567,1581,-0.386242701,0.675638975,15,1,106111697,106196951,85254,TRUE,0,del,0.49,0.000598631,P-0007239
23,20,6465,6581,-0.33669447,0.426762834,117,10,30954295,48808400,17854105,TRUE,0,del,0.36,0.001630105,P-0015350
5,4,1726,1861,-0.014115473,0.881768609,136,31,75662515,190262500,114599985,TRUE,0,loh,0.41,0.000423617,P-0015946
9,9,3249,3367,-0.027719556,0.761034405,119,30,422013,33676027,33254014,TRUE,0,loh,0.36,0.00083874,P-0018453
15,15,4870,5081,0.399884461,0.540020885,212,36,26216400,99861491,73645091,TRUE,0,amp,0.69,0.000629377,P-0019087
21,21,6648,6730,-0.044562758,0.891013722,83,23,10996000,45660700,34664700,TRUE,0,loh,0.42,0.001931436,P-0020747
14,13,4598,4676,-0.611097927,1.306617399,79,10,32507400,55384646,22877246,TRUE,0,del,0.73,0.000925958,P-0021108
21,20,6561,6609,-0.173987606,0.236659388,49,7,40709555,46279879,5570324,TRUE,0,del,0.21,4.97E-05,P-0022553
25,23,6852,7143,-0.845941283,2.27935605,292,1,1315000,152861426,151546426,TRUE,0,del,0.9,0.000743183,P-0025475
2,2,596,808,-0.048759923,0.496269092,213,46,4561867,96919740,92357873,TRUE,0,loh,0.24,0.000306994,P-0025824
17,17,5406,5872,-0.003215033,0.281276398,467,57,114669,80783009,80668340,TRUE,0,loh,0.14,2.96E-05,P-0028066
12,11,3927,4104,-0.139466038,0.241864474,178,22,86333400,121779467,35446067,TRUE,0,del,0.21,0.000440887,P-0028067
16,13,4635,4665,-0.163722614,0.375826799,31,2,46408073,49285954,2877881,TRUE,5.93E-12,del,0.29,0.004928776,P-0028067
23,23,6840,7137,-0.315674405,0.500555274,298,23,1315000,152861700,151546700,TRUE,0,del,0.4,0.00013927,P-0028875
25,23,6842,7142,-0.236690779,0.372719024,301,16,1315000,152861600,151546600,TRUE,0,del,0.31,0.000153023,P-0033038
3,2,617,636,-0.568054385,1.239663197,20,1,25100738,25966100,865362,TRUE,0,del,0.7,0.006710679,P-0034219
7,4,1749,1767,-0.602966077,0.517008495,19,3,105135443,113277371,8141928,TRUE,0,del,0.46,0.057435371,P-0038228
3,3,1083,1122,-0.209494773,0.30808931,40,8,1449841,25408500,23958659,TRUE,4.55E-13,del,0.26,7.33E-05,P-0039435
34,22,6640,6762,-0.021463398,0.849473885,123,16,17053077,49370834,32317757,TRUE,0,loh,0.4,0.000303147,P-0039740
10,9,3368,3593,-0.015744932,0.305744718,226,41,35208200,139820048,104611848,TRUE,0,loh,0.15,0.00099313,P-0044958
13,12,4136,4533,0.142556771,0.251758654,398,75,394800,133263900,132869100,TRUE,0,amp,0.28,2.43E-05,P-0044958
30,11,3370,3501,-0.453127689,0.515332692,132,9,76059229,108224471,32165242,TRUE,5.53E-11,del,0.4,3.30E-05,P-0009141
18,16,5258,5380,0.061348453,0.399315076,123,20,56792600,89806021,33013421,TRUE,0,loh,0.2,0.004875904,P-0041305
3,3,1085,1594,0.161323932,0.266519001,510,73,1449872,197348587,195898715,TRUE,0,amp,0.29,0.000462674,P-0020397
13,12,4373,4476,-0.023753483,0.215564372,104,26,57487814,121434647,63946833,TRUE,1.33E-13,loh,0.11,0.000640388,P-0010343
13,8,3077,3236,0.198043812,0.220598922,160,35,55364000,145742458,90378458,TRUE,0,amp,0.27,0.000660246,P-0024655
8,7,2515,2608,0.048325163,1.880115459,94,7,99927916,148512600,48584684,TRUE,0,loh,0.74,0.001818001,P-0004831
9,7,2609,2684,-0.035081949,1.930482581,76,1,148514300,158451009,9936709,TRUE,0,loh,0.75,0.002373458,P-0004831
21,20,6468,6498,-0.420833085,0.580706551,31,2,30959900,35478142,4518242,TRUE,0,del,0.45,0.00339675,P-0026996
7,5,1844,1917,0.001064952,0.605123877,74,5,153690374,180058761,26368387,TRUE,3.33E-16,loh,0.29,6.47E-05,P-0000612
21,20,6484,6587,-0.530742793,0.916081223,104,16,31367948,51970961,20603013,TRUE,0,del,0.6,7.64E-05,P-0040536
3,2,499,511,-0.384973192,0.52546834,13,3,25459793,25505206,45413,TRUE,0,del,0.42,0.001718489,P-0002524
17,14,4819,4893,-0.036919767,0.563393646,75,17,64619788,105258892,40639104,TRUE,0,loh,0.27,0.000639535,P-0032034
14,13,4114,4156,-0.046740621,1.483843263,43,12,76833669,112722293,35888624,TRUE,0,loh,0.63,0.002127139,P-0010061
27,23,6828,7123,-0.422202808,0.63861021,296,22,1314900,152861390,151546490,TRUE,0,del,0.48,0.002476821,P-0038151