seg	chrom	start_snp	end_snp	cnlr	valor	n_marker	n_het	start	end	size	aberrant	p_chisq	type	phi	err	dmp_patient_id
14	10	3027	3063	0.170086794502571	0.630372528719619	37	7	104386905	133191828	28804923	TRUE	0	loh	0.31	0.0180002893487961	P-0000106
12	9	2815	2895	0.0182894080878789	1.62682490607985	81	16	422008	22006027	21584019	TRUE	0	loh	0.67	0.000552616867011897	P-0000681
5	4	1454	1580	0.0205801718463597	0.955699955657086	127	18	66467400	190262500	123795100	TRUE	0	loh	0.44	0.000768819412708627	P-0000741
14	14	4770	4903	0.202103114222156	0.384566438208726	134	35	20893219	105906073	85012854	TRUE	0	amp	0.41	0.00368001517165778	P-0000906
27	23	6062	6352	-0.577069806299598	1.28797789552926	291	19	1314900	149924738	148609838	TRUE	0	del	0.72	0.0018800211232964	P-0000939
14	11	3148	3387	-0.0386591993948533	0.356162295099986	240	36	64129427	133495556	69366129	TRUE	0	loh	0.18	8.17954301134566e-05	P-0001013
19	19	4807	5125	-0.0337900569180702	0.24673043679588	319	54	1207081	58288169	57081088	TRUE	3.33066907387547e-16	loh	0.12	0.00120242257609249	P-0001609
13	12	3529	3693	0.00976847407980694	0.411348959104311	165	45	49426539	133263825	83837286	TRUE	0	loh	0.2	0.000441231246303493	P-0001658
21	20	5214	5279	-0.396843010968196	0.588543806644528	66	7	35478142	52776739	17298597	TRUE	0	del	0.45	0.00162101029577068	P-0001671
5	4	1463	1579	0.0248456710369494	1.87078148609277	117	27	84383901	190262486	105878585	TRUE	0	loh	0.73	0.000190262760801688	P-0002500
3	2	524	542	-0.171907360652348	0.432775342506411	19	6	20616425	25536800	4920375	TRUE	8.33005886491378e-11	del	0.32	0.00964968999398232	P-0002716
9	7	2324	2527	0.00866141311750379	0.846549967375818	204	20	55270257	158450900	103180643	TRUE	0	loh	0.4	0.000216149122072144	P-0002903
23	23	6049	6334	-0.142174615376492	0.318239667072194	286	17	1314900	149924738	148609838	TRUE	0	del	0.25	0.00268958707116203	P-0003722
14	14	4158	4265	-0.012211787425464	1.6355257368514	108	5	21337356	105259000	83921644	TRUE	0	loh	0.67	0.000217648984018577	P-0003900
1	1	1	233	0.00601664253259886	0.842449127499853	233	30	2488200	71762203	69274003	TRUE	0	loh	0.4	5.77851630936082e-05	P-0004591
14	12	3591	3952	0.106104641241824	0.211525235682105	362	64	394650	133263886	132869236	TRUE	4.2410519540681e-14	amp	0.21	0.00103992783302229	P-0004660
18	17	4795	4862	-0.0810513223801571	0.401146469846816	68	5	12016600	29508437	17491837	TRUE	1.0769163338864e-14	loh	0.2	0.00608832041110046	P-0004674
3	2	532	548	-0.69310516164664	1.48685835946226	17	1	25457286	25536827	79541	TRUE	0	del	0.77	0.000367956578568436	P-0005328
15	15	4273	4444	0.14312099384844	0.21507051065303	172	34	26216300	99861618	73645318	TRUE	0	amp	0.23	0.00019984082067131	P-0005627
22	22	5943	6057	-0.0125373004518717	0.527897768335099	115	17	17053032	49370800	32317768	TRUE	0	loh	0.26	3.71183453648083e-05	P-0005723
12	12	3602	3961	0.135242378658937	0.230131258323995	360	50	394848	133263825	132868977	TRUE	0	amp	0.23	0.00117600682355913	P-0005810
14	14	4166	4278	0.242572636308162	0.365818282585578	113	29	21337356	105258893	83921537	TRUE	0	amp	0.42	0.000673461106867409	P-0005854
2	1	329	471	-0.0210394160531547	0.424089524695108	143	20	155874240	226578211	70703971	TRUE	0	loh	0.21	0.000124583339870086	P-0005872
23	23	6038	6323	-0.659685387438796	1.4781289189066	286	21	1314900	145961900	144647000	TRUE	0	del	0.77	0.000156886852160314	P-0005915
8	7	2509	2689	-0.00411478767436969	1.01769918052148	181	17	82956953	158450965	75494012	TRUE	0	loh	0.47	3.55952310884543e-05	P-0006225
1	1	1	111	-0.149876390686269	0.221769581147866	111	7	2488200	22587878	20099678	TRUE	0	del	0.2	5.09376826936267e-06	P-0006373
22	20	5741	5822	-0.1413536282533	0.195380414281041	82	7	36012457	48808500	12796043	TRUE	0	del	0.18	9.4239416973667e-05	P-0006373
12	11	3364	3606	0.0120282584024515	0.46735101336557	243	29	67196900	133495500	66298600	TRUE	0	loh	0.23	0.000303262345118327	P-0006610
13	13	3958	4161	0.0344528310954874	0.231158585135912	204	36	21004738	112722260	91717522	TRUE	6.73422428931758e-11	loh	0.12	0.000325814352188388	P-0006642
21	20	5698	5793	-0.722524467354995	1.44592594952114	96	9	30946600	41956900	11010300	TRUE	0	del	0.77	0.00143523785606596	P-0006754
8	7	2489	2697	-0.00640524134190003	0.986119321211837	209	32	65970295	158450965	92480670	TRUE	0	loh	0.46	0.000225641936003349	P-0006779
6	6	2029	2125	-0.0136873441385757	1.14179048280025	97	27	393175	36652339	36259164	TRUE	0	loh	0.52	0.000217652303374243	P-0007019
12	12	3596	3955	0.0954426329534612	0.165984796529412	360	57	394848	133263825	132868977	TRUE	0	amp	0.16	0.000525368825756564	P-0007034
10	8	2685	2818	0.380713437462038	0.582905508723185	134	42	565219	145742117	145176898	TRUE	0	amp	0.73	0.00243584451543017	P-0007545
5	4	1640	1679	-0.0025063008297711	1.60119864727877	40	17	173704200	190262500	16558300	TRUE	0	loh	0.66	0.000242798916230581	P-0008065
18	17	4752	4849	0.0227920921891171	0.292193701064249	98	14	114595	17131190	17016595	TRUE	0	loh	0.15	0.000162836524348754	P-0008591
15	15	4299	4469	0.204820195326107	0.259802533848949	171	34	26216400	99861600	73645200	TRUE	0	amp	0.3	3.72704421728117e-05	P-0008675
21	20	5728	5829	-0.23127187401584	0.254145744341144	102	7	31369151	48451129	17081978	TRUE	0	del	0.24	0.00239128101012038	P-0008675
3	2	528	547	-0.208237031772516	0.411923708671948	20	3	25457200	25966600	509400	TRUE	1.0333955913211e-12	del	0.32	0.00261074393883782	P-0008958
14	11	3398	3594	-0.240735448713307	0.391738354074328	197	27	85961487	133495556	47534069	TRUE	0	del	0.32	0.000165326943986038	P-0008958
8	5	2106	2217	-0.27998486110765	0.459288805188552	112	33	86682755	154504947	67822192	TRUE	0	del	0.37	3.88766140750803e-05	P-0009076
23	23	6045	6334	-0.0982397477170276	0.190547857749431	290	28	1314900	145961900	144647000	TRUE	0	del	0.16	0.001075267261152	P-0009349
7	7	2369	2458	-0.114402518037777	0.173333045708758	90	27	1672599	53854818	52182219	TRUE	0	del	0.16	2.84525699638741e-05	P-0009907
9	7	2519	2700	-0.0995892280669387	0.202057433936808	182	20	82956889	158450965	75494076	TRUE	0	del	0.17	0.000551512453881146	P-0009907
14	14	4178	4285	0.357545146041684	0.483247307125425	108	21	20893219	105258893	84365674	TRUE	0	amp	0.6	0.000398893875778183	P-0009996
3	2	627	647	-0.572247410244156	1.01133547315419	21	3	25457322	25967174	509852	TRUE	0	del	0.64	0.000179878396409129	P-0010085
23	23	6060	6348	-0.289301309993058	0.436274290556288	289	20	1315000	149924738	148609738	TRUE	0	del	0.36	0.000475704424998301	P-0010119
8	8	2680	2813	0.118258141106533	0.195721833887409	134	37	565219	145742117	145176898	TRUE	0	amp	0.21	0.00014217524267369	P-0010922
12	12	3621	3665	-0.0347576653961173	0.330050969779692	45	11	394848	11992114	11597266	TRUE	0	loh	0.16	0.000796906875504363	P-0011290
5	4	1579	1599	-0.605753350572223	1.75482508655978	21	1	99809084	106196951	6387867	TRUE	0	del	0.82	0.024053895728765	P-0011485
3	2	535	549	-0.203467587900689	0.409345197257386	15	3	25457322	25505287	47965	TRUE	7.7715611723761e-15	del	0.32	0.00244258200034588	P-0011514
8	5	1847	1952	-0.256517988325943	0.444951147129246	106	20	88365714	154504947	66139233	TRUE	0	del	0.35	0.000759044576593819	P-0011590
9	9	2829	2919	-0.0148816165173129	0.415024693016131	91	14	421900	36840690	36418790	TRUE	0	loh	0.2	0.000404622140290462	P-0012380
3	2	615	642	-0.208016639933582	0.338773343299157	28	4	25100738	25990500	889762	TRUE	0	del	0.28	0.000227615887793171	P-0012393
15	15	4879	5093	0.243966094154064	0.327364467344873	215	34	26216391	99861618	73645227	TRUE	0	amp	0.39	1.38288085986841e-05	P-0012739
18	17	4858	4922	-0.135903213519946	0.248921663125549	65	6	16089842	29694300	13604458	TRUE	4.88498130835069e-14	del	0.21	0.000862049043102355	P-0012916
2	1	454	479	-0.63550411311048	1.31332810607781	26	1	221345742	227596235	6250493	TRUE	0	del	0.73	0.000285033992821948	P-0013232
15	13	3960	4161	0.013126785325062	1.75523671303416	202	34	21004738	112722200	91717462	TRUE	0	loh	0.71	0.000463272903048669	P-0013232
13	12	3860	3916	-0.0386944427373218	0.308377137531947	57	11	93919282	131945067	38025785	TRUE	4.71767069853968e-12	loh	0.15	0.00196942311401651	P-0013707
9	9	2828	2913	0.0156053751150643	0.269330245674427	86	20	421980	31112900	30690920	TRUE	0	loh	0.13	0.000143199964094352	P-0013809
12	12	3607	3969	0.0958893124321418	0.160917685798145	363	54	394800	133263825	132869025	TRUE	0	amp	0.16	0.000209078553234357	P-0014033
19	19	5298	5666	0.0622464176431695	0.1502902465357	369	67	1207247	58288184	57080937	TRUE	0	amp	0.14	0.00112698210139957	P-0014033
9	9	3258	3385	0.00599589074508221	0.661546136178412	128	23	422157	36966761	36544604	TRUE	0	loh	0.32	3.96600352042976e-05	P-0014075
9	6	2339	2354	-0.308972950709738	0.45175093330888	16	3	30668228	31322385	654157	TRUE	0	del	0.37	0.000499145538280954	P-0014265
12	8	3006	3081	-0.38834621020679	0.748577047874826	76	15	565232	43092903	42527671	TRUE	0	del	0.52	0.00181882410579438	P-0014265
24	17	5434	5532	-0.367331642492238	0.557339355846431	99	19	114595	21490164	21375569	TRUE	0	del	0.43	0.000602928846832716	P-0014265
14	12	4142	4535	0.151474569348083	0.200064008864412	394	66	394900	133263825	132868925	TRUE	0	amp	0.23	6.14374102243647e-05	P-0014682
24	22	6724	6843	0.156433261414961	0.285599276871658	120	13	17053077	49370834	32317757	TRUE	0	amp	0.3	0.00183640982763273	P-0014682
1	1	1	292	-0.00303842736745152	0.552510609721474	292	32	2488200	96258948	93770748	TRUE	0	loh	0.27	2.0254467240214e-05	P-0014771
6	5	2148	2300	-0.23212842598574	0.445213092990098	153	28	131892962	180527600	48634638	TRUE	0	del	0.35	0.00134754826065732	P-0014957
9	7	2856	3026	-0.149648517768987	0.166211668994334	171	29	103122645	158450935	55328290	TRUE	0	del	0.17	0.00150325017181078	P-0014957
19	17	5447	5805	0.00878231900141058	0.3184440140311	359	31	114595	56774186	56659591	TRUE	0	loh	0.16	2.69772120392447e-05	P-0014957
20	17	5806	5911	0.131935163311689	0.203749286566721	106	19	56780459	80783009	24002550	TRUE	6.66133814775094e-16	amp	0.21	0.000737047328112122	P-0014957
15	14	4827	4882	-0.17086380888127	0.251219935090061	56	14	69117600	105906024	36788424	TRUE	4.66293670342566e-15	del	0.22	3.06111527460183e-05	P-0015086
21	20	6510	6609	-0.204644535436406	0.320396504655572	100	8	31367893	46282200	14914307	TRUE	0	del	0.27	3.4148164174864e-05	P-0015212
3	1	40	209	0.0202643028945312	1.99797513996999	170	10	11187200	46532739	35345539	TRUE	0	loh	0.76	5.3724618708254e-05	P-0015968
4	1	210	299	-0.0849454950275577	1.31147668465482	90	6	46543176	96258900	49715724	TRUE	0	loh	0.58	0.0102642965033236	P-0015968
4	3	1341	1578	0.237442163034483	0.319140792549583	238	28	95454468	197348562	101894094	TRUE	0	amp	0.38	9.21520471356504e-06	P-0016043
23	20	6502	6584	-0.234493818825459	0.421178262849304	83	17	31367948	41956960	10589012	TRUE	0	del	0.34	0.00060283624908297	P-0016372
21	20	6530	6574	-0.18076475306541	0.264656335953851	45	5	39657700	41306600	1648900	TRUE	4.55857573911089e-13	del	0.23	6.32238372256219e-05	P-0016453
23	23	6844	7143	-0.174635079027451	0.26453209141333	300	20	1315000	152861426	151546426	TRUE	0	del	0.23	2.25153477756988e-05	P-0016578
21	20	6538	6647	-0.105676897585664	0.209987271756151	110	12	36022364	62292622	26270258	TRUE	6.08402217494586e-14	del	0.17	0.00112596028735278	P-0016637
14	13	4616	4694	-0.101020504514814	0.16543102011228	79	9	32507426	55384646	22877220	TRUE	0	del	0.15	3.88735505241319e-05	P-0016838
12	11	3999	4210	-0.0187194366649095	0.404022752292835	212	18	83269191	133495556	50226365	TRUE	0	loh	0.2	0.000479783883625843	P-0017167
23	23	6832	7130	-0.208392668092241	0.303390501716894	299	19	1315000	152861465	151546465	TRUE	0	del	0.26	1.17906474496495e-05	P-0017432
12	12	4157	4553	0.203946993217947	0.315553073331633	397	83	394797	133263825	132869028	TRUE	0	amp	0.35	0.000463838230676235	P-0017443
19	19	6033	6474	0.19931715772109	0.27743348908249	442	79	1207280	58288169	57080889	TRUE	0	amp	0.32	1.24924002795978e-06	P-0017443
23	23	6866	7168	-0.190567976435987	0.29992598663962	303	29	1314900	152861465	151546565	TRUE	0	del	0.26	6.75724987574718e-06	P-0017862
14	13	4607	4694	-0.276351171435657	0.45563446340383	88	18	29002037	68930985	39928948	TRUE	0	del	0.36	9.58321534179322e-05	P-0018085
21	20	6535	6620	-0.428235064606333	0.730634183235777	86	11	31367900	46255902	14888002	TRUE	0	del	0.52	1.31905485465136e-05	P-0018707
6	5	2074	2218	-0.335320358387636	0.574363966038945	145	17	85383500	172084989	86701489	TRUE	0	del	0.43	0.000410927018175661	P-0018854
37	20	6452	6577	-0.656368483699705	0.993012391047251	126	25	31374259	59927968	28553709	TRUE	0	del	0.63	0.000362733644610029	P-0019012
23	23	6840	7136	-0.206320356569946	0.383814585849847	297	27	1315000	152861500	151546500	TRUE	0	del	0.31	0.000488823856975554	P-0019452
23	23	6850	7149	-0.202743348388184	0.301383851913954	300	31	1315000	152861700	151546700	TRUE	0	del	0.26	4.51513858965855e-05	P-0019565
18	17	5558	5618	-0.2509388896092	0.325658399445699	61	5	29422400	30696337	1273937	TRUE	0	del	0.29	0.000576447048368478	P-0019648
22	22	6726	6847	-0.0104115916522586	0.758957769513887	122	14	17053077	49370817	32317740	TRUE	0	loh	0.36	0.000323356067935001	P-0019727
5	4	1774	1779	-0.787326435345929	1.51596296680358	6	3	106180900	106196951	16051	TRUE	0	del	0.78	0.00605122931207094	P-0019742
23	23	6865	7165	-0.0691054704017902	0.142953708556449	301	33	1314900	152861500	151546600	TRUE	0	del	0.13	0.000228381255171461	P-0019987
21	20	6527	6622	-0.174884229419481	0.268864307488064	96	12	31395764	55178081	23782317	TRUE	0	del	0.23	5.71825291974464e-05	P-0020339
23	23	6858	7156	-0.151663524839466	0.266056618134048	299	31	1315000	152861567	151546567	TRUE	0	del	0.23	3.18636976622947e-05	P-0020929
6	5	2125	2159	-0.291357914403432	0.367892869819025	35	3	85383500	112103053	26719553	TRUE	0	del	0.33	0.00269433839720478	P-0021192
21	20	6534	6635	-0.244968309664649	0.42006074858226	102	14	31368174	48451129	17082955	TRUE	0	del	0.34	0.000399637999783501	P-0021694
21	20	6492	6583	-0.292155703931845	0.41200549159287	92	10	31015900	41956900	10941000	TRUE	0	del	0.34	0.000391022313455801	P-0022233
15	14	4835	4913	-0.14989306056027	0.203915813772832	79	9	61884646	105258892	43374246	TRUE	0	del	0.19	0.000328068504471884	P-0022289
3	2	623	640	-0.339427166460011	0.550316943719843	18	3	25457200	25964963	507763	TRUE	0	del	0.42	4.41068390234841e-05	P-0022642
2	1	15	93	-0.0122235524206347	0.215152602481956	79	21	8080112	16259813	8179701	TRUE	1.36313182963477e-12	loh	0.11	0.000108274831260524	P-0022756
6	5	2146	2167	-0.454818303636909	0.539424564287403	22	1	131893019	131978102	85083	TRUE	0	del	0.44	0.0110045010202787	P-0023341
5	4	1778	1799	-0.215434011459736	0.264202485969725	22	4	99808400	106197557	6389157	TRUE	4.18554080283684e-14	del	0.24	0.00087520076707172	P-0023386
13	12	4200	4248	-0.134342955923063	0.209676443537258	49	16	11664178	12873107	1208929	TRUE	0	del	0.19	1.09201059123313e-06	P-0023454
3	3	1071	1319	-0.000469653194550101	0.98249910795399	249	29	1449841	89259201	87809360	TRUE	0	loh	0.46	0.000148274234642759	P-0023459
8	5	1904	1982	-0.267555434188487	0.428209868863574	79	19	223683	31508672	31284989	TRUE	0	del	0.35	0.000138893380204484	P-0023507
10	5	2082	2188	-0.365865218193163	0.497466985139334	107	11	77168090	131973836	54805746	TRUE	0	del	0.41	0.00408772078246111	P-0023507
11	5	2189	2319	-0.201834087638335	0.560926250162484	131	24	131976537	180527367	48550830	TRUE	0	del	0.4	0.0122348873052327	P-0023507
15	7	2744	2765	-0.247941599191286	0.456219916383543	22	8	6776861	24164579	17387718	TRUE	0	del	0.36	0.000383698267980103	P-0023507
7	6	2335	2475	0.00260147525240188	1.22379591620103	141	27	7517800	64288800	56771000	TRUE	0	loh	0.55	0.000344520684651185	P-0023856
12	11	4001	4065	-0.126652451470527	0.26341944422492	65	3	108098500	111965500	3867000	TRUE	4.44089209850063e-16	del	0.22	0.00140871230257698	P-0023970
5	4	1772	1786	-0.76895406358929	1.68477666898164	15	1	106111700	106197552	85852	TRUE	0	del	0.82	0.00103903183441355	P-0024538
18	17	5569	5628	-0.466489956443249	0.934096354220023	60	2	29422400	30325895	903495	TRUE	0	del	0.6	0.0028984573537402	P-0024660
6	5	2210	2227	-0.236782844984213	0.274232310920796	18	7	149509270	154936100	5426830	TRUE	6.03961325396085e-14	del	0.26	0.00211500581467571	P-0024730
13	12	4188	4291	-0.23695228022134	0.353587180204186	104	21	11803100	25398262	13595162	TRUE	0	del	0.3	2.23277405800093e-05	P-0025541
11	11	3772	4119	0.0218445157695523	0.19551233565482	348	49	532607	133495556	132962949	TRUE	5.39672750932141e-11	loh	0.1	4.75199515204832e-05	P-0025568
21	20	6521	6543	-0.38659828516731	0.576931416479511	23	7	31022422	31395556	373134	TRUE	0	del	0.44	0.00033811995494794	P-0025756
21	20	6504	6614	-0.36176838128052	0.796493862857633	111	6	31024873	54961541	23936668	TRUE	0	del	0.53	0.00796402302138794	P-0025857
23	23	6866	7160	-0.187936221880655	0.283837493878225	295	27	1314900	152861600	151546700	TRUE	0	del	0.25	4.90064613556424e-05	P-0025914
2	1	373	591	-0.0397058968873539	2.04925548575562	219	23	150552622	246670495	96117873	TRUE	0	loh	0.77	0.000301994174971275	P-0026492
21	20	6488	6576	-0.216772654025351	0.271837754752505	89	10	31387954	48808494	17420540	TRUE	0	del	0.25	0.000407193355342881	P-0026511
1	1	1	297	-0.00744089036622506	0.308455970183213	297	40	1001177	106053803	105052626	TRUE	0	loh	0.15	3.9372863134866e-05	P-0026778
16	15	4902	4926	-0.264939565463305	0.3728708577848	25	2	41849532	42058371	208839	TRUE	0	del	0.32	0.000575850449978387	P-0026854
12	12	4147	4540	0.114537654219644	0.156237064821354	394	90	394900	133263825	132868925	TRUE	0	amp	0.16	0.000110322742434008	P-0026935
9	9	3246	3309	0.000236184198930472	0.913827797696533	64	9	422000	8500690	8078690	TRUE	0	loh	0.43	0.000363821829276047	P-0027764
21	20	6500	6602	-0.445421575348279	0.744998063437784	103	9	31368174	48808356	17440182	TRUE	0	del	0.53	0.000100576845649076	P-0028264
23	23	6831	7129	-0.204466639259575	0.338305388762856	299	24	1314900	152861465	151546565	TRUE	0	del	0.29	3.41746228676498e-05	P-0028439
8	7	2863	3035	0.00674554304566685	0.305097196194988	173	25	99927916	158450965	58523049	TRUE	0	loh	0.15	8.39035452542329e-05	P-0028643
4	3	1479	1578	0.14915642491412	0.191034981700178	100	10	169780490	197348560	27568070	TRUE	6.66133814775094e-16	amp	0.21	8.68454002756614e-06	P-0028968
9	7	2650	2717	-0.372938226367573	0.618372944272459	68	21	1672601	24164624	22492023	TRUE	0	del	0.46	1.99630626874076e-05	P-0028968
3	3	1072	1579	0.118919973486419	0.186349502330667	508	85	2001904	197348560	195346656	TRUE	0	amp	0.2	1.76372355928381e-05	P-0029260
17	16	5233	5468	0.0188739535388394	0.23023005448697	236	39	3900512	89883007	85982495	TRUE	6.0507154842071e-14	loh	0.11	0.00038103068421121	P-0029298
3	2	619	652	-0.818679563375534	1.22095564194012	34	2	25100738	26068382	967644	TRUE	0	del	0.72	0.0370941814362225	P-0029339
3	3	1070	1571	0.139851210669076	0.245221592304525	502	58	1449872	197348600	195898728	TRUE	0	amp	0.26	0.000559350741200197	P-0029407
12	12	4107	4500	0.150905252278481	0.210163962527223	394	70	394848	133263825	132868977	TRUE	0	amp	0.24	4.8462498841788e-05	P-0029407
12	11	4008	4159	-0.115390430942299	0.174338763800134	152	14	102094525	133495735	31401210	TRUE	0	del	0.16	0.000140417483355069	P-0029469
12	12	4143	4536	0.156498366964669	0.202816016185459	394	71	394588	133263886	132869298	TRUE	0	amp	0.23	7.82155550622965e-05	P-0029603
9	9	3248	3375	-0.00574441711462054	1.35244529759248	128	20	421860	37020800	36598940	TRUE	0	loh	0.59	1.4298690803779e-05	P-0029604
10	9	3437	3613	0.00280543613842143	0.21019902828789	177	27	93606103	139819984	46213881	TRUE	1.29896093881143e-14	loh	0.1	0.000152077081952365	P-0029666
3	2	609	647	-0.229861099982898	0.390724777491491	39	11	17986745	27017200	9030455	TRUE	0	del	0.32	0.000628239638247864	P-0030156
21	20	6501	6600	-0.1429285341279	0.203522629380892	100	8	31372581	48451100	17078519	TRUE	0	del	0.18	3.06986774073707e-05	P-0030928
18	18	5930	6040	0.0242400869680781	0.248997833436615	111	14	724500	74387299	73662799	TRUE	2.01161309831832e-12	loh	0.12	0.000813733899167566	P-0031352
5	4	1779	1794	-0.542752472505537	1.15117207148493	16	2	106111697	106197750	86053	TRUE	0	del	0.68	0.00265652099437515	P-0031359
23	23	6872	7169	-0.0990389247516573	0.184157225551877	298	20	1315000	152861563	151546563	TRUE	0	del	0.16	0.000574419406011181	P-0031454
10	9	3395	3609	-0.00264859677898389	0.454546205836371	215	37	37015220	139820421	102805201	TRUE	0	loh	0.22	5.92467500178802e-05	P-0031465
16	13	4617	4692	-0.487907182553697	0.650395933349379	76	7	32507426	49286115	16778689	TRUE	0	del	0.5	0.00792279893625041	P-0031706
4	3	1363	1577	0.128739989921102	0.213449205365527	215	22	119812326	197348562	77536236	TRUE	0	amp	0.22	0.000441395147972742	P-0031759
10	6	2591	2656	6.53788293388265e-05	0.41289618542454	66	9	149982954	170798892	20815938	TRUE	0	loh	0.2	0.000101135281555145	P-0031759
21	17	5415	5518	-0.160812785009919	0.233226906417242	104	13	114595	29086657	28972062	TRUE	0	del	0.21	4.14901250175161e-05	P-0031759
5	4	1764	1779	-0.498490620366691	0.890774849604794	16	3	105409654	106197500	787846	TRUE	0	del	0.59	0.00014024429325048	P-0031865
3	2	930	1081	-0.0295892972038905	0.262526778692192	152	26	179632689	242800900	63168211	TRUE	0	loh	0.13	0.000670745057745384	P-0031890
36	23	6858	7083	-0.310466629431756	0.464678944412236	226	18	15841315	106444209	90602894	TRUE	0	del	0.37	6.89512482756549e-05	P-0031946
13	11	3795	4141	-0.030387015065768	0.246504053428322	347	47	532729	133495556	132962827	TRUE	0	loh	0.12	8.06274135877129e-05	P-0032684
18	13	4625	4746	-0.290185331944873	0.281165293644951	122	13	32890584	103528063	70637479	TRUE	0	del	0.27	0.00570538327980771	P-0033037
9	9	3253	3384	0.0127681995336616	0.829303622015521	132	21	422025	75047052	74625027	TRUE	0	loh	0.39	0.000232842597511242	P-0033114
21	20	6479	6508	-0.558082965933766	0.75070833957717	30	5	31016111	31395732	379621	TRUE	0	del	0.55	0.00920928510605719	P-0033171
23	20	6478	6533	-0.374444846171657	0.797452639011566	56	8	31019024	39751800	8732776	TRUE	0	del	0.53	0.00856484547034929	P-0033613
25	23	6898	7201	-0.250059572242857	0.382126292364252	304	32	1314900	152861465	151546565	TRUE	0	del	0.32	1.8465425670105e-05	P-0033962
31	22	6768	6891	0.342936767944524	0.547870770000585	124	20	17053032	49370864	32317832	TRUE	0	amp	0.67	0.00274843933447306	P-0034080
9	9	3262	3393	0.0416811255704148	0.701250510920997	132	20	422013	37033962	36611949	TRUE	0	loh	0.34	0.00182220860182159	P-0034085
16	14	4756	4882	0.00858086632486174	0.251834666190293	127	25	20893219	105258892	84365673	TRUE	0	loh	0.13	0.000174388025007977	P-0034085
23	20	6489	6568	-0.337735196967607	0.398012210719165	80	8	36012617	46282201	10269584	TRUE	0	del	0.35	0.00390380544654481	P-0034289
3	2	606	643	-0.392137596877193	0.40124293943672	38	7	17986683	27015118	9028435	TRUE	0	del	0.37	0.0160815256774325	P-0034540
17	17	5452	5679	-0.0106981264987886	0.234572280610009	228	29	114600	40370375	40255775	TRUE	9.54791801177635e-15	loh	0.12	5.03278066885781e-05	P-0034797
9	6	2464	2684	-0.152485481312266	0.221320638097566	221	55	76598904	170798912	94200008	TRUE	0	del	0.19	0.000136575538925959	P-0034937
26	17	5589	5920	0.114308642682324	0.153397359645437	332	41	29654761	80783024	51128263	TRUE	6.25055562863963e-14	amp	0.16	7.03411640432001e-05	P-0035147
26	17	5811	5912	0.0690111674626186	0.653312569445713	102	20	56798157	80783009	23984852	TRUE	0	loh	0.32	0.00179373492785842	P-0035205
11	6	2583	2629	-0.159940903921568	0.298351030324803	47	8	129479000	157099349	27620349	TRUE	4.44089209850063e-16	del	0.25	0.000252016715006327	P-0035369
20	17	5631	5921	-0.00640932288664906	0.611061037117772	291	39	37618900	80783009	43164109	TRUE	0	loh	0.3	6.53238774209201e-05	P-0035436
11	7	2843	3021	-0.11900148378606	0.192758784543738	179	28	92247333	158450965	66203632	TRUE	5.86793946766306e-11	del	0.17	0.000263543284898476	P-0035469
3	2	613	630	-0.45584652380774	0.653342131885032	18	1	21058065	25536827	4478762	TRUE	0	del	0.49	0.00269239621894895	P-0035487
27	23	6858	7158	-0.134617660032544	0.198339806742577	301	16	1314900	152861390	151546490	TRUE	0	del	0.19	0.000277424424737366	P-0035626
12	9	3549	3637	0.0225317454773448	0.564345942209663	89	9	128420000	139820421	11400421	TRUE	0	loh	0.27	0.0019276975170672	P-0035694
6	3	1346	1585	0.241837959996179	0.353599998669392	240	27	94429172	197348560	102919388	TRUE	0	amp	0.41	0.00015487597337446	P-0035724
15	10	3631	3650	-0.391307721730594	0.375938903421802	20	7	10216430	43572832	33356402	TRUE	1.11022302462516e-14	del	0.35	0.0157078270802826	P-0036455
17	15	4884	5095	0.127328879307664	0.237462589750589	212	37	26216553	99861600	73645047	TRUE	0	amp	0.25	0.000388061362854919	P-0036479
17	15	4876	5089	0.356676440480584	0.473653773768755	214	33	26216370	99861659	73645289	TRUE	0	amp	0.6	3.72371493496332e-05	P-0036873
8	5	2082	2214	-0.187864190107996	0.288605512849111	133	17	85383443	154504947	69121504	TRUE	0	del	0.25	4.21308802360453e-06	P-0036959
25	22	6780	6833	-0.322176788770722	0.436901803600336	54	9	24158899	30090752	5931853	TRUE	0	del	0.37	0.00145886699436376	P-0036980
17	15	4877	5089	0.138349762807284	0.215178665812037	213	31	26216370	99861641	73645271	TRUE	0	amp	0.24	6.32990320148714e-06	P-0037289
24	17	5514	5610	-0.0295932110779921	0.334832819855987	97	7	16056674	37628000	21571326	TRUE	7.26085858104852e-14	loh	0.17	0.0027296781737208	P-0037972
2	2	601	775	0.155650334191091	0.209960112941382	175	36	4717100	61709600	56992500	TRUE	0	amp	0.23	2.72563259487738e-05	P-0038069
13	11	3924	4089	-0.161893165420849	0.278529001830674	166	16	83269090	118375079	35105989	TRUE	0	del	0.23	0.000697056412359572	P-0038069
14	14	4752	4878	0.100843841532928	0.23237483604329	127	23	21337356	105258937	83921581	TRUE	0	amp	0.22	0.00264736308548804	P-0039220
23	23	6842	7136	-0.428665370580252	0.663244332767883	295	27	1314900	152861577	151546677	TRUE	0	del	0.49	0.000380053209904391	P-0039794
14	12	4159	4554	0.256287468813043	0.371921325040894	396	92	394848	133263825	132868977	TRUE	0	amp	0.46	8.17507617087049e-05	P-0040328
17	17	5443	5547	-0.0285218175885184	0.304654542971658	105	18	114669	29059114	28944445	TRUE	8.88178419700125e-16	loh	0.15	0.000108814749773006	P-0040450
12	11	3855	4148	-0.0130489388620853	1.29872323215031	294	33	61197732	133495735	72298003	TRUE	0	loh	0.57	0.000554835918372785	P-0040892
23	23	6844	7142	-0.390534126497353	0.659260959777378	299	23	1315000	152861427	151546427	TRUE	0	del	0.49	0.00029795010107498	P-0040918
20	20	6447	6489	0.312300022128667	0.433176862721382	43	6	1421932	31024937	29603005	TRUE	0	amp	0.53	8.6095241741602e-05	P-0041310
21	20	6490	6592	-0.398146213870931	0.650015187374677	103	15	31367894	48808350	17440456	TRUE	0	del	0.47	0.000335372701129911	P-0041310
12	6	2268	2415	-0.0846761866385135	0.935947589195658	148	33	393300	45769439	45376139	TRUE	0	loh	0.44	0.000657711820636025	P-0041321
9	9	3211	3307	-0.0865718904140385	0.797249986348613	97	11	422052	27190655	26768603	TRUE	0	loh	0.38	0.00259766662047639	P-0041882
27	23	6854	7149	-0.172657028010243	0.171079272338707	296	23	1315000	152861700	151546700	TRUE	1.11022302462516e-16	del	0.18	0.00210680101804625	P-0042053
21	20	6506	6609	-0.180519745377947	0.354513290041416	104	9	31367978	52776739	21408761	TRUE	0	del	0.28	0.00340148658003645	P-0042078
15	15	4823	5038	0.164372606371345	0.225124356033419	216	30	26216300	101094335	74878035	TRUE	0	amp	0.26	6.90313715887563e-05	P-0043048
4	3	1467	1499	-0.271014834426077	0.611616808839395	33	2	154880414	178917000	24036586	TRUE	1.62487800992039e-11	del	0.43	0.0129220433002779	P-0043362
14	11	3978	4044	-0.325511918208144	0.462258173011635	67	6	102199600	110665885	8466285	TRUE	4.12614387101939e-12	del	0.36	0.000639775381814169	P-0043503
21	18	5891	5914	-0.256243992235183	0.379884576417536	24	9	724600	29691607	28967007	TRUE	0	del	0.32	3.37571024693763e-05	P-0043914
17	15	4870	5082	0.357355078926114	0.432364166471836	213	38	26216409	99861491	73645082	TRUE	0	amp	0.56	0.000462318488571204	P-0043944
1	1	1	297	0.0230702665707395	0.953095826129496	297	36	1001177	106053803	105052626	TRUE	0	loh	0.44	0.000233731281843902	P-0045096
8	8	3026	3264	0.170734772833094	0.216756497904442	239	51	565232	145742480	145177248	TRUE	0	amp	0.25	0.00018103457002294	P-0045463
5	4	1742	1872	0.00298481865765381	1.91416336885163	131	22	84383761	190262408	105878647	TRUE	0	loh	0.74	0.00053251245955068	P-0045590
14	11	3915	4075	-0.133691245486388	0.296121217806304	161	11	77051683	118353268	41301585	TRUE	1.73083769539062e-13	del	0.22	0.00616439292815491	P-0045817
21	17	5431	5473	-0.0733489794493889	0.392061291851108	43	10	114595	12013621	11899026	TRUE	0	loh	0.19	0.00292590079780243	P-0045827
25	23	6872	7172	-0.282747291537459	0.413711405134579	301	21	1315000	152861600	151546600	TRUE	0	del	0.35	0.000904240256817421	P-0045958
14	12	4146	4544	0.0826793924791012	0.196082526116112	399	85	394900	133263825	132868925	TRUE	0	amp	0.2	0.000685294097580641	P-0046151
3	2	607	627	-0.523327286988223	0.609912144136602	21	5	17675684	25505192	7829508	TRUE	0	del	0.48	0.0121341041002507	P-0046177
13	12	4195	4281	-0.276654373761306	0.360884365924737	87	30	11664178	21624056	9959878	TRUE	0	del	0.31	0.000189846611427996	P-0046989
5	4	1636	1853	-0.0512521750706163	0.206065927091097	218	40	1959774	187367548	185407774	TRUE	5.09370323698022e-13	loh	0.1	0.001087481061879	P-0047174
13	9	3260	3383	-0.00567999269302792	0.713431086109045	124	21	422157	36930973	36508816	TRUE	0	loh	0.34	0.000197550528362414	P-0047174
10	7	2845	3024	0.0207520443577695	0.892491984324993	180	15	92244422	158450965	66206543	TRUE	0	loh	0.42	0.000268873185163069	P-0047371
12	9	3387	3599	-0.0136993389052358	0.312593927224807	213	43	75794689	139819984	64025295	TRUE	0	loh	0.16	0.000145316026943529	P-0047388
23	20	6473	6576	-0.295402574231355	0.348769061570537	104	14	31368081	48808494	17440413	TRUE	0	del	0.3	0.000846745582224678	P-0047485
9	9	3234	3365	0.158544412781363	1.30409736680304	132	24	422000	75047061	74625061	TRUE	0	loh	0.57	0.0363064867184133	P-0047673
10	9	3366	3578	0.178910146135268	0.225246118280493	213	29	75156057	139820363	64664306	TRUE	0	amp	0.28	0.000936292861876571	P-0047673
20	19	5060	5073	-0.691166749343107	1.67233905586824	14	2	41725303	41765628	40325	TRUE	0	del	0.81	0.00162245038341206	P-0002481
23	20	5179	5190	-0.671493718683189	1.64681306275573	12	2	31395500	36971119	5575619	TRUE	0	del	0.8	0.00352866487984246	P-0002481
25	20	5210	5243	-0.706120277216255	1.66592166347584	34	3	40709617	48451129	7741512	TRUE	0	del	0.81	0.000584717369597464	P-0002481
29	22	5364	5424	-0.662696682047573	1.63352967413303	61	9	24129400	30090835	5961435	TRUE	0	del	0.8	0.00360190014923813	P-0002481
23	20	5710	5815	-0.269951831338777	0.440411430708223	106	14	31368261	54948500	23580239	TRUE	0	del	0.36	3.58822235794848e-05	P-0006828
14	12	3602	3967	0.114209355410983	0.198702868348048	366	62	394524	133263825	132869301	TRUE	0	amp	0.21	0.00025291526316973	P-0007126
23	23	6033	6317	-0.783603008892003	1.77496605554093	285	17	1314900	149924738	148609838	TRUE	0	del	0.83	0.00207190379525812	P-0007782
22	22	6716	6838	0.0218369038036981	0.99388802679529	123	21	17053077	49370754	32317677	TRUE	0	loh	0.46	0.000124789172937527	P-0008024
20	19	6056	6165	-0.0398133738639306	0.547730094495427	110	21	1625500	10252942	8627442	TRUE	0	loh	0.27	0.00110593268348848	P-0008839
23	20	5714	5817	-0.267076695825726	0.498052397939867	104	14	31368166	51970900	20602734	TRUE	0	del	0.38	0.00270567193476769	P-0009194
20	20	5656	5681	-0.382605886963547	0.475646195668676	26	10	1421932	25080341	23658409	TRUE	0	del	0.4	0.00338757700527854	P-0010283
14	13	4071	4101	-0.448031531961982	0.501080488619075	31	3	42178332	67591727	25413395	TRUE	0	del	0.43	0.0134265077231677	P-0011323
21	20	6499	6616	-0.356035457672315	0.426498016687768	118	8	30954295	48808437	17854142	TRUE	0	del	0.37	0.0077274840529881	P-0015462
14	14	4736	4858	-0.0220757982282596	1.72799751821536	123	6	21337356	105259011	83921655	TRUE	0	loh	0.7	4.44659232638403e-05	P-0016054
12	12	4142	4533	0.111014909363043	0.172234504920197	392	59	394800	133263886	132869086	TRUE	0	amp	0.18	5.86730445654055e-05	P-0016554
14	14	4742	4871	-0.0258154834187958	1.61770339777582	130	21	20641788	105258892	84617104	TRUE	0	loh	0.67	0.000507703832585323	P-0016871
21	20	6535	6618	-0.262351535274053	0.416517954551866	84	13	31024274	46251044	15226770	TRUE	0	del	0.34	2.43914676951914e-06	P-0018941
1	1	1	278	0.0306954986186761	0.475146004949676	278	20	2488153	78430391	75942238	TRUE	0	loh	0.23	0.000702386415429172	P-0019178
14	14	4762	4888	0.0138745479513492	0.798504260796297	127	25	20641788	105258893	84617105	TRUE	0	loh	0.38	2.41896217282305e-05	P-0020437
23	23	6850	7145	-0.25761284324917	0.426206477796789	296	25	1314900	152861567	151546667	TRUE	0	del	0.34	0.000125557664728584	P-0024180
12	11	3864	3901	-0.150594446739286	0.371408505939139	38	13	35242900	67202647	31959747	TRUE	0	del	0.29	0.0048353530844332	P-0026667
21	20	6491	6591	-0.350428198458457	0.558572515682405	101	17	31368081	46282201	14914120	TRUE	0	del	0.43	0.000129965846736074	P-0027957
3	2	615	647	-0.432788967283476	0.740762780841806	33	3	25457216	26101000	643784	TRUE	0	del	0.52	4.68094993437917e-05	P-0028928
3	2	611	644	-0.327159858604951	0.430857442164933	34	2	25100738	26101008	1000270	TRUE	0	del	0.36	0.0017868894847574	P-0029813
12	11	3937	4125	-0.166949566107563	0.308001755744078	189	16	81185331	119169166	37983835	TRUE	0	del	0.26	0.000627078703385785	P-0031709
22	13	4680	4787	0.00509283602901112	0.324638495880514	108	21	34299146	112722259	78423113	TRUE	0	loh	0.16	3.55823949199583e-06	P-0034180
32	23	6891	7192	-0.155279099450529	0.176682402778885	302	21	1314900	152861577	151546677	TRUE	0	del	0.18	0.00105122362872306	P-0034180
25	23	6861	7160	-0.271190995934366	0.342355525087964	300	22	1314900	152861700	151546800	TRUE	0	del	0.3	0.000493567839645565	P-0040752
21	20	6490	6580	-0.185745318703261	0.226617665109884	91	10	31388740	52776841	21388101	TRUE	1.71507252844094e-12	del	0.21	0.000105036073632927	P-0042476
18	15	4948	4971	-0.187468555493347	0.3113892400524	24	6	45008535	66782824	21774289	TRUE	1.31122890323354e-11	del	0.26	0.000696277136837827	P-0044907
13	12	4405	4461	-0.0935134427781631	0.332739656255849	57	12	58144665	112924280	54779615	TRUE	4.95270491285282e-13	loh	0.16	0.00535014842025989	P-0040449
21	20	5681	5781	-0.218776734289256	0.838035923954114	101	2	31368261	48451129	17082868	TRUE	0	loh	0.4	0.0469660937942686	P-0003261
5	4	1575	1597	-0.23404619782096	0.439838067395625	23	5	99806200	106196829	6390629	TRUE	2.77555756156289e-15	del	0.34	0.00151342531254516	P-0009082
6	5	2060	2297	-0.037119468939597	0.420874085686418	238	45	79172136	180527538	101355402	TRUE	0	loh	0.21	0.00179626671878886	P-0036418
13	13	4538	4750	-0.0197601830444295	0.219232895367382	213	36	19956653	112722170	92765517	TRUE	8.57292015155053e-12	loh	0.11	0.000291162052854947	P-0015986
21	20	5752	5840	-0.0262456953806648	0.726270803513045	89	15	39728657	61048549	21319892	TRUE	0	loh	0.35	0.000118974633814397	P-0005232
21	20	6477	6590	-0.269340292661854	0.362257735373347	114	5	30954100	46282134	15328034	TRUE	0	del	0.31	0.000840252082184687	P-0028109
9	8	3103	3262	0.133460858778096	0.242640514720266	160	46	53901200	145742451	91841251	TRUE	0	amp	0.24	0.00157795818094041	P-0030191
12	9	3391	3497	-0.309331139880784	0.455082601233563	107	22	75047061	116791161	41744100	TRUE	0	del	0.37	0.000634583327961931	P-0035137
6	5	2118	2170	-0.317883449534688	0.254110014901006	53	5	101265926	131972900	30706974	TRUE	4.00457444982294e-13	del	0.27	0.0136369964885681	P-0032072
1	1	1	589	0.0142539026295825	0.235696664511344	589	67	2488153	246670500	244182347	TRUE	0	loh	0.12	0.000275217021839412	P-0038070
19	16	5355	5448	-0.0519305699054539	0.272610649015201	94	25	72992903	89883003	16890100	TRUE	0	loh	0.14	0.00164052772426223	P-0031309
18	17	5583	5597	-0.484834688043333	0.642319237706184	15	3	29701106	31889954	2188848	TRUE	0	del	0.49	0.0065534866777603	P-0037652
24	22	6743	6864	-0.0330006340021313	0.718409341407894	122	19	17053032	49370834	32317802	TRUE	0	loh	0.34	0.000119875956834072	P-0034928
13	12	3406	3422	-0.362469893282267	0.361888595558838	17	7	12023773	12037464	13691	TRUE	3.78030939884866e-13	del	0.33	0.00408921805064588	P-0001681
11	10	3208	3229	-0.252641829011252	0.304571860334756	22	4	88652031	104264107	15612076	TRUE	2.22044604925031e-16	del	0.28	0.00242998001523389	P-0005138
5	4	1784	1792	-0.431095478477411	0.328026906787016	9	3	106196700	114757297	8560597	TRUE	7.98583421612875e-13	del	0.34	0.030512224959323	P-0017739
13	11	3914	4135	-0.0432457551723802	0.394604356812678	222	20	77048471	133495735	56447264	TRUE	0	loh	0.19	0.000322394014106435	P-0044175
21	20	6529	6586	-0.170639072374973	0.322993126220811	58	5	36024653	41956900	5932247	TRUE	1.11022302462516e-16	del	0.26	0.00197828240143673	P-0015947
12	11	3342	3601	0.0192405094127495	1.35847293572336	260	28	62789131	133495556	70706425	TRUE	0	loh	0.59	0.000117671887547477	P-0010851
24	23	6034	6316	-0.459054462394689	0.808456829747925	283	15	1315000	145961900	144646900	TRUE	0	del	0.55	0.000114705249700273	P-0010851
14	11	3394	3455	-0.0173808287963609	0.432267396602695	62	7	85961313	102221700	16260387	TRUE	1.46549439250521e-14	loh	0.21	0.00183955351322188	P-0017583
10	5	2077	2158	-0.183288974582736	0.263280504646453	82	7	86633973	137431501	50797528	TRUE	1.79555259549602e-11	del	0.23	4.04088441112417e-05	P-0045555
14	13	4679	4685	-0.780422311621072	1.92747307592988	7	2	49054242	49286000	231758	TRUE	0	del	0.85	0.00117791873505157	P-0031386
16	14	4747	4875	-0.00301532287214495	1.17270087923127	129	26	20893219	105258926	84365707	TRUE	0	loh	0.53	0.000117017407768547	P-0034584
13	12	4480	4511	-0.51931826245245	0.628432767267021	32	12	120535200	123892018	3356818	TRUE	0	del	0.49	0.0121213017165196	P-0022542
23	23	6877	7175	-0.289848500893347	0.41971964158814	299	36	1315000	152861700	151546700	TRUE	0	del	0.35	0.00138730890072594	P-0027129
25	22	5377	5411	-0.246178514312833	0.576370446866713	35	4	25494744	29694684	4199940	TRUE	3.66040531218914e-13	del	0.41	0.0132285519071414	P-0002478
14	13	4103	4123	-0.252149033284438	0.387196839059659	21	5	67591619	80561500	12969881	TRUE	0	del	0.33	0.000674870716648144	P-0008524
25	23	6027	6310	-0.672903388913235	1.52573028795536	284	10	1314900	145961900	144647000	TRUE	0	del	0.78	0.000232345220571605	P-0008524
5	4	1751	1782	-0.347378666356014	0.395944568227969	32	8	67138143	106162600	39024457	TRUE	6.4126481902349e-13	del	0.34	0.00246137337192006	P-0046995
23	23	6894	7187	-0.820405778690218	2.06850551571284	294	22	1315000	152861700	151546700	TRUE	0	del	0.87	0.00158736050271373	P-0024752
23	23	6851	7144	-0.127435830593956	0.205491147839189	294	31	1315000	152861577	151546577	TRUE	0	del	0.18	9.21180750923788e-05	P-0029300
25	23	6858	7159	-0.201168647528507	0.292276238809336	302	33	1314900	152861448	151546548	TRUE	0	del	0.25	7.66824588822762e-05	P-0034445
15	15	4859	5071	0.124788072609909	0.200454860096306	213	35	26216249	99861618	73645369	TRUE	0	amp	0.21	0.000421737763253273	P-0019365
17	15	4845	5057	0.262214644211724	0.374742762084637	213	46	26216249	99861618	73645369	TRUE	0	amp	0.45	1.73163438282689e-05	P-0047007
12	11	3527	3596	0.029748688804495	1.25654907013393	70	9	118339500	133495556	15156056	TRUE	0	loh	0.56	0.00110577390257775	P-0006549
13	13	4550	4761	-0.0602880742613057	0.758224450048619	212	32	19956891	112722293	92765402	TRUE	0	loh	0.36	0.00131428004651858	P-0046009
25	23	6852	7146	-0.131206418481085	0.188264251886651	295	25	1315000	152861448	151546448	TRUE	0	del	0.17	3.81099070917487e-06	P-0041521
31	14	4757	4885	-0.0517176028194686	0.47922046923207	129	18	20893219	105906073	85012854	TRUE	0	loh	0.24	0.00290045295252164	P-0039120
23	23	6850	7146	-0.277657010015503	0.404120756965339	297	27	1314900	152861730	151546830	TRUE	0	del	0.34	0.000292277386183263	P-0031994
6	5	2075	2138	-0.135426447784912	0.294129253082436	64	5	80149857	115106700	34956843	TRUE	0	del	0.23	0.0025894518775132	P-0022069
21	20	6543	6649	-0.166322987173786	0.159504915084344	107	14	31367894	52776800	21408906	TRUE	0	del	0.17	0.00225728019539801	P-0020883
21	20	6518	6629	-0.244403613825325	0.475599661189089	112	6	31015900	48808400	17792500	TRUE	0	del	0.36	0.00201121121411495	P-0030409
23	23	6865	7162	-0.357154418304382	0.547492703228149	298	20	1315000	152861426	151546426	TRUE	0	del	0.43	0.000415013097728463	P-0009014
3	3	885	914	-0.00171328282398998	0.422491093136667	30	12	2001802	25569630	23567828	TRUE	0	loh	0.21	1.54766256881396e-05	P-0003009
5	4	1760	1776	-0.569508972466989	0.481760457996547	17	4	106193856	142367800	36173944	TRUE	2.84551271434452e-11	del	0.44	0.0401454761808177	P-0039023
22	21	5356	5372	-0.302837654238397	0.51812886994623	17	6	42866396	42879500	13104	TRUE	0	del	0.4	0.00101466165693346	P-0002797
18	17	5607	5907	-0.0313608353495434	0.445529923073433	301	40	31889954	80783009	48893055	TRUE	0	loh	0.22	0.000283605587952862	P-0018352
23	23	6851	7149	-0.137084245131664	0.196065320033461	299	18	1314900	152861449	151546549	TRUE	0	del	0.18	8.68145689137644e-05	P-0027153
25	23	6854	7151	-0.42224717896206	0.824261138396277	298	32	1315000	152861650	151546650	TRUE	0	del	0.56	0.00104656454157832	P-0015027
7	4	1738	1792	-0.193968675601453	0.34550501499146	55	13	66509194	140810637	74301443	TRUE	2.66453525910038e-15	del	0.28	0.00114950985889241	P-0032186
23	23	6018	6300	-0.317345154706134	0.507095302061976	283	17	1314900	145961910	144647010	TRUE	0	del	0.4	1.392880748664e-05	P-0014169
23	23	6020	6304	-0.351480494995829	0.72955497696418	285	19	1314900	145961889	144646989	TRUE	0	del	0.5	0.00591301914606105	P-0007695
6	5	2108	2157	-0.307329377282605	0.276303326911769	50	3	112090572	131973898	19883326	TRUE	7.81819053941035e-13	del	0.28	0.00986253060545804	P-0037005
20	19	6074	6365	-0.0187416009117045	0.241028348634555	292	42	2217836	36222875	34005039	TRUE	0	loh	0.12	0.000128929671851189	P-0029169
12	12	4154	4548	0.0874925452987602	0.170959645897554	395	86	394800	133263825	132869025	TRUE	0	amp	0.16	0.00104946085953199	P-0024084
22	22	5921	6033	0.00683226444947599	1.62089439982982	113	9	17053032	49370800	32317768	TRUE	0	loh	0.67	1.49966951475709e-05	P-0010557
10	9	2976	3092	-0.0403675972305138	1.9267514104777	117	11	97873628	139411864	41538236	TRUE	0	loh	0.75	0.00121865230811284	P-0003858
15	12	3501	3670	0.0230103399663512	1.10258563665269	170	32	49416462	133263900	83847438	TRUE	0	loh	0.5	0.00108934057743699	P-0000881
23	23	6853	7147	-0.276642972849206	0.446457928030904	295	30	1315000	152861426	151546426	TRUE	0	del	0.36	1.72026165762244e-06	P-0027742
7	5	2093	2147	-0.314090282709683	0.241492119904743	55	7	96383700	131972916	35589216	TRUE	2.02948768901479e-13	del	0.26	0.0151444211729983	P-0010974
22	22	6729	6852	-0.0174732103558703	0.225479862717793	124	19	16349431	49370834	33021403	TRUE	1.28407284805121e-11	loh	0.11	8.4931392204566e-05	P-0028522
15	12	4479	4495	-0.493730501966926	0.890005533950771	17	9	121416988	123892121	2475133	TRUE	0	del	0.59	1.38961157093077e-05	P-0015632
12	12	4140	4535	0.100391000716819	0.159363165152571	396	86	394800	133263900	132869100	TRUE	0	amp	0.17	2.36311571337987e-05	P-0016894
3	2	617	631	-0.589133552885683	1.25555023403188	15	3	25457300	25505200	47900	TRUE	0	del	0.71	0.00246939833125811	P-0016273
12	11	3920	4072	0.0136734601531561	0.80635147470721	153	14	71991870	111965573	39973703	TRUE	0	loh	0.38	0.00137632760479499	P-0044750
13	11	4073	4146	-0.111291480913488	0.671792715350059	74	6	113282275	133495577	20213302	TRUE	0	loh	0.32	0.00788559348836111	P-0044750
23	23	6029	6314	-0.112343167282815	0.219574294348842	286	19	1314900	149924738	148609838	TRUE	0	del	0.18	0.00202203560249063	P-0011348
18	17	4868	4930	-0.200557890529397	0.222752112097133	63	10	21809394	30323800	8514406	TRUE	0	del	0.22	0.00232946556394384	P-0012734
21	20	6487	6590	-0.128026456969973	0.219178474901293	104	14	31025088	48808350	17783262	TRUE	9.99200722162641e-16	del	0.19	0.000704039494195478	P-0029224
5	4	1749	1812	-0.281267715152109	0.27657023861836	64	19	66535284	143029359	76494075	TRUE	7.66053886991358e-15	del	0.27	0.00703207243095019	P-0036457
8	8	2693	2710	0.0878894649333832	1.62841216037445	18	10	565232	18917041	18351809	TRUE	0	loh	0.67	0.00644664722581343	P-0005473
15	15	4287	4456	-0.0143585765983157	0.424200662116564	170	42	26216370	99861618	73645248	TRUE	0	loh	0.21	0.000542271914926481	P-0009841
21	20	6474	6592	-0.182696087986728	0.245837715048653	119	14	30946600	52776892	21830292	TRUE	1.765254609154e-14	del	0.22	7.25162459596405e-06	P-0044695
15	15	4287	4454	0.202498984367854	0.266814940910063	168	33	26216409	99861600	73645191	TRUE	0	amp	0.3	2.42703395526949e-05	P-0006471
17	15	4876	5091	0.0844630151820277	0.227944128105984	216	29	26216300	99861700	73645400	TRUE	6.66133814775094e-16	amp	0.22	0.00213849302127928	P-0044137
23	20	6486	6577	-0.155202961177456	0.244916365109112	92	18	31025163	46265509	15240346	TRUE	0	del	0.21	0.0002330314456716	P-0029243
1	1	1	341	-0.00566793873089637	0.287478243571731	341	40	1001177	120458832	119457655	TRUE	0	loh	0.14	3.44525437356975e-05	P-0043153
15	15	4926	5142	0.179105783501491	0.263005816365825	217	28	20489705	99861491	79371786	TRUE	0	amp	0.3	6.96012808887583e-05	P-0031293
21	20	6508	6628	-0.251038260616172	0.381270222084858	121	14	30946600	52776739	21830139	TRUE	0	del	0.32	1.94816989662702e-05	P-0021004
21	20	6528	6605	-0.218535651406003	0.454170689972852	78	10	32990050	46271052	13281002	TRUE	0	del	0.34	0.00455325185121942	P-0016872
6	5	2113	2144	-0.37337241540344	0.322876367643241	32	4	112177485	131973900	19796415	TRUE	4.67648142432608e-12	del	0.32	0.0157653521480411	P-0037537
3	2	821	954	-0.00625959194077802	0.469095825681866	134	26	190742119	242800952	52058833	TRUE	0	loh	0.23	0.00012535265306697	P-0004441
22	22	5922	6034	-0.00533069281982641	0.420980736197079	113	19	17053077	49370834	32317757	TRUE	0	loh	0.21	3.62349505103673e-05	P-0012097
5	5	1878	2156	-0.082442704613293	0.162152940058576	279	47	223707	131945000	131721293	TRUE	5.77261571876875e-11	del	0.13	0.00174166890806209	P-0043647
19	19	6000	6210	-0.0162965053593846	0.253109347334239	211	27	1207162	15278103	14070941	TRUE	0	loh	0.13	0.00012111124437849	P-0027711
22	22	6719	6841	0.0183498051257613	0.396350310879153	123	13	17052949	49370864	32317915	TRUE	0	loh	0.2	0.000310563076587602	P-0015702
25	23	6864	7167	-0.33159079465213	0.529347725334781	304	27	1314900	152861563	151546663	TRUE	0	del	0.42	0.000371714246322006	P-0032455
23	23	6868	7163	-0.232879863777986	0.32480316618703	296	17	1315000	152861426	151546426	TRUE	0	del	0.28	0.00035865967723623	P-0046987
21	20	6485	6602	-0.363910760009403	0.591506853732624	118	12	30946600	48808400	17861800	TRUE	0	del	0.44	0.000174271766971665	P-0041505
23	23	5531	5802	-0.314547153986964	0.70346735292187	272	24	1315000	149924738	148609738	TRUE	0	del	0.49	0.00783382070612636	P-0000571
21	20	5659	5796	-0.230707920896386	0.361698304320693	138	18	10869469	54956700	44087231	TRUE	0	del	0.3	0.000111610301245007	P-0003169
15	15	4265	4436	0.133192497093204	0.220511082635843	172	33	26216409	99861618	73645209	TRUE	0	amp	0.23	0.00043651359711471	P-0004612
1	1	1	273	0.0156042123818457	0.391978233805515	273	37	2488200	110116442	107628242	TRUE	0	loh	0.19	0.000223108431378537	P-0004828
4	4	1426	1673	-0.0158490747919794	0.232174223598284	248	53	1402650	190262486	188859836	TRUE	1.93178806284777e-14	loh	0.12	0.000144524032222829	P-0004875
14	14	4169	4278	-0.0273368219098086	1.60498792088128	110	22	20893219	105258937	84365718	TRUE	0	loh	0.67	0.000651340490284191	P-0004875
5	4	1567	1581	-0.386242700808557	0.675638975242919	15	1	106111697	106196951	85254	TRUE	0	del	0.49	0.000598631032606636	P-0007239
23	20	6465	6581	-0.336694469729052	0.426762834247862	117	10	30954295	48808400	17854105	TRUE	0	del	0.36	0.00163010470699721	P-0015350
5	4	1726	1861	-0.014115473464993	0.881768609003111	136	31	75662515	190262500	114599985	TRUE	0	loh	0.41	0.000423616778591976	P-0015946
9	9	3249	3367	-0.0277195556414948	0.761034404908431	119	30	422013	33676027	33254014	TRUE	0	loh	0.36	0.000838740047721234	P-0018453
15	15	4870	5081	0.39988446107329	0.54002088451771	212	36	26216400	99861491	73645091	TRUE	0	amp	0.69	0.000629376684753359	P-0019087
21	21	6648	6730	-0.0445627584803893	0.89101372163615	83	23	10996000	45660700	34664700	TRUE	0	loh	0.42	0.0019314359761749	P-0020747
14	13	4598	4676	-0.611097927261268	1.30661739920429	79	10	32507400	55384646	22877246	TRUE	0	del	0.73	0.00092595818918887	P-0021108
21	20	6561	6609	-0.173987606111658	0.236659388005802	49	7	40709555	46279879	5570324	TRUE	0	del	0.21	4.97083472042352e-05	P-0022553
25	23	6852	7143	-0.845941282566068	2.27935605006982	292	1	1315000	152861426	151546426	TRUE	0	del	0.9	0.000743183479793777	P-0025475
2	2	596	808	-0.0487599226424527	0.496269091993031	213	46	4561867	96919740	92357873	TRUE	0	loh	0.24	0.000306993700611324	P-0025824
17	17	5406	5872	-0.00321503288036552	0.281276398377384	467	57	114669	80783009	80668340	TRUE	0	loh	0.14	2.96191469204997e-05	P-0028066
12	11	3927	4104	-0.139466038073603	0.241864474436686	178	22	86333400	121779467	35446067	TRUE	0	del	0.21	0.0004408866339913	P-0028067
16	13	4635	4665	-0.163722614044929	0.37582679866366	31	2	46408073	49285954	2877881	TRUE	5.93269877668945e-12	del	0.29	0.00492877566091498	P-0028067
23	23	6840	7137	-0.315674405404374	0.500555273688352	298	23	1315000	152861700	151546700	TRUE	0	del	0.4	0.000139269720662645	P-0028875
25	23	6842	7142	-0.236690778959807	0.372719024465497	301	16	1315000	152861600	151546600	TRUE	0	del	0.31	0.000153023487248459	P-0033038
3	2	617	636	-0.568054385262819	1.239663196808	20	1	25100738	25966100	865362	TRUE	0	del	0.7	0.00671067904217978	P-0034219
7	4	1749	1767	-0.602966076671827	0.51700849512082	19	3	105135443	113277371	8141928	TRUE	0	del	0.46	0.0574353713179411	P-0038228
3	3	1083	1122	-0.209494772562	0.308089309593413	40	8	1449841	25408500	23958659	TRUE	4.54858373188927e-13	del	0.26	7.32839087805289e-05	P-0039435
34	22	6640	6762	-0.0214633976019677	0.849473884809592	123	16	17053077	49370834	32317757	TRUE	0	loh	0.4	0.000303146762225655	P-0039740
10	9	3368	3593	-0.0157449315736315	0.305744717780638	226	41	35208200	139820048	104611848	TRUE	0	loh	0.15	0.000993130018990085	P-0044958
13	12	4136	4533	0.142556770824513	0.251758653647651	398	75	394800	133263900	132869100	TRUE	0	amp	0.28	2.4345208437749e-05	P-0044958
30	11	3370	3501	-0.453127688793295	0.515332691723941	132	9	76059229	108224471	32165242	TRUE	5.52535794895448e-11	del	0.4	3.29693195290899e-05	P-0009141
18	16	5258	5380	0.0613484533511031	0.399315076087409	123	20	56792600	89806021	33013421	TRUE	0	loh	0.2	0.00487590421850492	P-0041305
3	3	1085	1594	0.161323932182889	0.266519001440137	510	73	1449872	197348587	195898715	TRUE	0	amp	0.29	0.000462674300921401	P-0020397
13	12	4373	4476	-0.0237534828160607	0.215564371822222	104	26	57487814	121434647	63946833	TRUE	1.33226762955019e-13	loh	0.11	0.000640388465580417	P-0010343
13	8	3077	3236	0.198043812216588	0.220598922172428	160	35	55364000	145742458	90378458	TRUE	0	amp	0.27	0.000660246460660594	P-0024655
8	7	2515	2608	0.0483251627465195	1.88011545875688	94	7	99927916	148512600	48584684	TRUE	0	loh	0.74	0.00181800060815093	P-0004831
9	7	2609	2684	-0.0350819492303574	1.93048258144363	76	1	148514300	158451009	9936709	TRUE	0	loh	0.75	0.00237345815700372	P-0004831
21	20	6468	6498	-0.420833085480197	0.580706551241551	31	2	30959900	35478142	4518242	TRUE	0	del	0.45	0.00339675049400843	P-0026996
7	5	1844	1917	0.00106495218614141	0.605123876846735	74	5	153690374	180058761	26368387	TRUE	3.33066907387547e-16	loh	0.29	6.46525078979996e-05	P-0000612
21	20	6484	6587	-0.530742792905489	0.916081222951632	104	16	31367948	51970961	20603013	TRUE	0	del	0.6	7.63892680655961e-05	P-0040536
3	2	499	511	-0.384973192143716	0.525468340213683	13	3	25459793	25505206	45413	TRUE	0	del	0.42	0.00171848873644413	P-0002524
17	14	4819	4893	-0.0369197671234131	0.563393645719182	75	17	64619788	105258892	40639104	TRUE	0	loh	0.27	0.000639534896032227	P-0032034
14	13	4114	4156	-0.0467406205756704	1.48384326291185	43	12	76833669	112722293	35888624	TRUE	0	loh	0.63	0.00212713886513785	P-0010061
27	23	6828	7123	-0.422202808079892	0.638610209862908	296	22	1314900	152861390	151546490	TRUE	0	del	0.48	0.00247682093552639	P-0038151
